filename,category_name,label
17578-5-0-3.wav,engine_idling,6
111671-8-0-20.wav,siren,12
203913-8-0-0.wav,siren,12
17578-5-0-12.wav,engine_idling,6
26184-5-4-2.wav,engine_idling,6
156634-5-2-4.wav,engine_idling,6
111671-8-0-16.wav,siren,12
156634-5-0-12.wav,engine_idling,6
145609-6-0-0.wav,gun_shot,9
156869-8-0-4.wav,siren,12
23219-5-0-0.wav,engine_idling,6
23219-5-0-10.wav,engine_idling,6
62566-5-0-1.wav,engine_idling,6
17578-5-0-2.wav,engine_idling,6
111671-8-0-8.wav,siren,12
203913-8-0-7.wav,siren,12
156634-5-0-2.wav,engine_idling,6
156634-5-0-9.wav,engine_idling,6
159701-6-3-0.wav,gun_shot,9
162432-6-7-0.wav,gun_shot,9
89724-5-0-2.wav,engine_idling,6
203913-8-0-10.wav,siren,12
156634-5-2-2.wav,engine_idling,6
89724-5-0-5.wav,engine_idling,6
111671-8-0-15.wav,siren,12
77247-6-0-0.wav,gun_shot,9
91533-5-0-1.wav,engine_idling,6
164782-8-0-4.wav,siren,12
156634-5-2-7.wav,engine_idling,6
7066-6-1-0.wav,gun_shot,9
23219-5-0-3.wav,engine_idling,6
17578-5-0-14.wav,engine_idling,6
17578-5-0-16.wav,engine_idling,6
191449-6-0-0.wav,gun_shot,9
156634-5-0-0.wav,engine_idling,6
111671-8-0-1.wav,siren,12
156634-5-0-10.wav,engine_idling,6
203913-8-0-4.wav,siren,12
162432-6-10-0.wav,gun_shot,9
164782-8-0-2.wav,siren,12
17578-5-0-33.wav,engine_idling,6
162432-6-6-0.wav,gun_shot,9
91533-5-0-2.wav,engine_idling,6
203913-8-0-8.wav,siren,12
164782-8-0-1.wav,siren,12
203913-8-1-2.wav,siren,12
111671-8-0-10.wav,siren,12
156869-8-0-8.wav,siren,12
17578-5-0-0.wav,engine_idling,6
111671-8-0-14.wav,siren,12
89724-5-0-4.wav,engine_idling,6
156869-8-0-9.wav,siren,12
203913-8-1-1.wav,siren,12
159701-6-4-0.wav,gun_shot,9
156634-5-2-8.wav,engine_idling,6
17578-5-0-4.wav,engine_idling,6
17578-5-0-30.wav,engine_idling,6
156634-5-1-0.wav,engine_idling,6
17578-5-0-34.wav,engine_idling,6
162432-6-2-0.wav,gun_shot,9
156634-5-0-7.wav,engine_idling,6
156634-5-2-0.wav,engine_idling,6
17578-5-0-31.wav,engine_idling,6
23219-5-0-8.wav,engine_idling,6
156634-5-0-1.wav,engine_idling,6
17578-5-0-18.wav,engine_idling,6
17578-5-0-24.wav,engine_idling,6
156634-5-0-11.wav,engine_idling,6
159754-8-2-0.wav,siren,12
7066-6-0-0.wav,gun_shot,9
162432-6-3-0.wav,gun_shot,9
162432-6-1-0.wav,gun_shot,9
203913-8-0-3.wav,siren,12
17578-5-0-27.wav,engine_idling,6
26184-5-3-0.wav,engine_idling,6
17578-5-0-11.wav,engine_idling,6
111671-8-0-12.wav,siren,12
111671-8-0-19.wav,siren,12
159754-8-3-0.wav,siren,12
28426-8-1-0.wav,siren,12
17578-5-0-25.wav,engine_idling,6
156634-5-2-5.wav,engine_idling,6
62566-5-0-4.wav,engine_idling,6
159701-6-6-0.wav,gun_shot,9
23219-5-0-6.wav,engine_idling,6
23219-5-0-13.wav,engine_idling,6
148841-6-2-0.wav,gun_shot,9
23219-5-0-1.wav,engine_idling,6
159701-6-2-0.wav,gun_shot,9
111671-8-0-7.wav,siren,12
162432-6-12-0.wav,gun_shot,9
93139-6-0-0.wav,gun_shot,9
106487-5-0-0.wav,engine_idling,6
17578-5-0-10.wav,engine_idling,6
145611-6-4-0.wav,gun_shot,9
28426-8-2-0.wav,siren,12
17578-5-0-1.wav,engine_idling,6
17578-5-0-35.wav,engine_idling,6
106487-5-0-1.wav,engine_idling,6
156634-5-0-4.wav,engine_idling,6
17578-5-0-9.wav,engine_idling,6
26184-5-4-3.wav,engine_idling,6
17578-5-0-22.wav,engine_idling,6
156634-5-2-3.wav,engine_idling,6
89724-5-0-0.wav,engine_idling,6
156869-8-0-2.wav,siren,12
23219-5-0-11.wav,engine_idling,6
145611-6-1-0.wav,gun_shot,9
62566-5-2-0.wav,engine_idling,6
203913-8-1-4.wav,siren,12
23219-5-0-12.wav,engine_idling,6
203962-5-0-1.wav,engine_idling,6
17578-5-0-32.wav,engine_idling,6
17578-5-0-5.wav,engine_idling,6
62566-5-1-0.wav,engine_idling,6
26184-5-4-0.wav,engine_idling,6
23219-5-0-5.wav,engine_idling,6
156634-5-0-8.wav,engine_idling,6
21187-5-0-0.wav,engine_idling,6
62566-5-0-0.wav,engine_idling,6
203913-8-0-12.wav,siren,12
28426-8-0-0.wav,siren,12
203913-8-0-2.wav,siren,12
89724-5-0-3.wav,engine_idling,6
111671-8-0-2.wav,siren,12
17578-5-0-28.wav,engine_idling,6
111671-8-0-0.wav,siren,12
26184-5-4-1.wav,engine_idling,6
159701-6-5-0.wav,gun_shot,9
62566-5-0-3.wav,engine_idling,6
23219-5-1-0.wav,engine_idling,6
159754-8-1-0.wav,siren,12
62566-5-0-5.wav,engine_idling,6
159701-6-0-0.wav,gun_shot,9
17578-5-0-23.wav,engine_idling,6
164782-8-0-5.wav,siren,12
164782-8-0-0.wav,siren,12
203913-8-0-5.wav,siren,12
111671-8-0-11.wav,siren,12
203913-8-0-1.wav,siren,12
156869-8-0-10.wav,siren,12
91533-5-0-0.wav,engine_idling,6
89724-5-0-1.wav,engine_idling,6
164667-6-0-0.wav,gun_shot,9
162432-6-9-0.wav,gun_shot,9
111671-8-0-21.wav,siren,12
156869-8-0-11.wav,siren,12
162432-6-4-0.wav,gun_shot,9
164782-8-0-7.wav,siren,12
17578-5-0-6.wav,engine_idling,6
148841-6-1-0.wav,gun_shot,9
23219-5-0-7.wav,engine_idling,6
156869-8-0-6.wav,siren,12
203913-8-0-9.wav,siren,12
156634-5-2-1.wav,engine_idling,6
156634-5-0-6.wav,engine_idling,6
159754-8-4-0.wav,siren,12
156869-8-0-0.wav,siren,12
62566-5-1-1.wav,engine_idling,6
203962-5-0-0.wav,engine_idling,6
162432-6-13-0.wav,gun_shot,9
17578-5-0-29.wav,engine_idling,6
156634-5-0-3.wav,engine_idling,6
162432-6-0-0.wav,gun_shot,9
111671-8-0-18.wav,siren,12
145611-6-2-0.wav,gun_shot,9
203913-8-1-5.wav,siren,12
203913-8-0-11.wav,siren,12
145611-6-0-0.wav,gun_shot,9
148841-6-0-0.wav,gun_shot,9
145611-6-3-0.wav,gun_shot,9
26184-5-2-0.wav,engine_idling,6
62566-5-0-6.wav,engine_idling,6
162432-6-11-0.wav,gun_shot,9
23219-5-0-9.wav,engine_idling,6
62566-5-0-7.wav,engine_idling,6
111671-8-0-3.wav,siren,12
23219-5-1-1.wav,engine_idling,6
203913-8-1-3.wav,siren,12
164782-8-0-3.wav,siren,12
62566-5-0-2.wav,engine_idling,6
162432-6-8-0.wav,gun_shot,9
111671-8-0-4.wav,siren,12
26184-5-1-0.wav,engine_idling,6
164782-8-0-6.wav,siren,12
111671-8-0-17.wav,siren,12
203913-8-1-0.wav,siren,12
159754-8-0-0.wav,siren,12
23219-5-0-2.wav,engine_idling,6
17578-5-0-21.wav,engine_idling,6
111671-8-0-22.wav,siren,12
23219-5-0-4.wav,engine_idling,6
84254-6-0-0.wav,gun_shot,9
162432-6-5-0.wav,gun_shot,9
156869-8-0-7.wav,siren,12
17578-5-0-8.wav,engine_idling,6
91533-5-0-3.wav,engine_idling,6
111671-8-0-13.wav,siren,12
145609-6-1-0.wav,gun_shot,9
156869-8-0-3.wav,siren,12
156869-8-0-5.wav,siren,12
26184-5-0-0.wav,engine_idling,6
156634-5-0-5.wav,engine_idling,6
203913-8-0-6.wav,siren,12
111671-8-0-9.wav,siren,12
106487-5-0-2.wav,engine_idling,6
159701-6-1-0.wav,gun_shot,9
17578-5-0-7.wav,engine_idling,6
162432-6-14-0.wav,gun_shot,9
156869-8-0-1.wav,siren,12
17578-5-0-26.wav,engine_idling,6
23219-5-1-2.wav,engine_idling,6
111671-8-0-6.wav,siren,12
17578-5-0-15.wav,engine_idling,6
111671-8-0-5.wav,siren,12
159703-6-0-0.wav,gun_shot,9
156634-5-2-6.wav,engine_idling,6
157648-8-0-0.wav,siren,12
62564-5-0-7.wav,engine_idling,6
74726-8-2-4.wav,siren,12
39852-5-0-0.wav,engine_idling,6
124389-8-1-8.wav,siren,12
34952-8-0-6.wav,siren,12
94632-5-0-13.wav,engine_idling,6
74726-8-2-2.wav,siren,12
62564-5-0-0.wav,engine_idling,6
135544-6-8-0.wav,gun_shot,9
148835-6-1-0.wav,gun_shot,9
111386-5-1-5.wav,engine_idling,6
78651-5-0-11.wav,engine_idling,6
188004-8-0-0.wav,siren,12
135160-8-0-6.wav,siren,12
94632-5-0-6.wav,engine_idling,6
111386-5-1-1.wav,engine_idling,6
135160-8-0-0.wav,siren,12
74726-8-0-2.wav,siren,12
94632-5-1-30.wav,engine_idling,6
111386-5-1-10.wav,engine_idling,6
124389-8-1-9.wav,siren,12
162434-6-1-0.wav,gun_shot,9
111386-5-1-6.wav,engine_idling,6
39854-5-1-2.wav,engine_idling,6
135544-6-12-0.wav,gun_shot,9
135160-8-0-4.wav,siren,12
111386-5-0-6.wav,engine_idling,6
78651-5-0-0.wav,engine_idling,6
94632-5-1-26.wav,engine_idling,6
135160-8-0-8.wav,siren,12
75490-8-0-2.wav,siren,12
94632-5-1-7.wav,engine_idling,6
39854-5-1-1.wav,engine_idling,6
111386-5-1-8.wav,engine_idling,6
94632-5-0-28.wav,engine_idling,6
39854-5-1-4.wav,engine_idling,6
135544-6-10-0.wav,gun_shot,9
94632-5-0-9.wav,engine_idling,6
74726-8-2-0.wav,siren,12
74726-8-1-1.wav,siren,12
106486-5-0-1.wav,engine_idling,6
74726-8-1-2.wav,siren,12
78651-5-0-13.wav,engine_idling,6
94632-5-0-25.wav,engine_idling,6
74726-8-0-9.wav,siren,12
83680-5-0-1.wav,engine_idling,6
124389-8-1-4.wav,siren,12
94632-5-1-18.wav,engine_idling,6
74726-8-2-3.wav,siren,12
62564-5-0-5.wav,engine_idling,6
124389-8-1-1.wav,siren,12
124389-8-1-14.wav,siren,12
135160-8-0-10.wav,siren,12
39884-5-0-3.wav,engine_idling,6
39884-5-0-7.wav,engine_idling,6
133797-6-1-0.wav,gun_shot,9
94632-5-1-2.wav,engine_idling,6
135160-8-0-2.wav,siren,12
94632-5-0-33.wav,engine_idling,6
78651-5-0-5.wav,engine_idling,6
39854-5-1-3.wav,engine_idling,6
111048-6-0-0.wav,gun_shot,9
74726-8-0-3.wav,siren,12
124389-8-1-6.wav,siren,12
75490-8-1-1.wav,siren,12
94632-5-0-21.wav,engine_idling,6
135544-6-5-0.wav,gun_shot,9
135544-6-13-0.wav,gun_shot,9
135160-8-0-9.wav,siren,12
124389-8-1-15.wav,siren,12
94632-5-0-10.wav,engine_idling,6
94632-5-1-17.wav,engine_idling,6
62564-5-0-1.wav,engine_idling,6
34952-8-0-7.wav,siren,12
111386-5-1-7.wav,engine_idling,6
135544-6-19-0.wav,gun_shot,9
159702-6-1-0.wav,gun_shot,9
62564-5-0-4.wav,engine_idling,6
135544-6-2-0.wav,gun_shot,9
159702-6-2-0.wav,gun_shot,9
135544-6-0-0.wav,gun_shot,9
74726-8-0-14.wav,siren,12
94632-5-0-29.wav,engine_idling,6
111386-5-1-9.wav,engine_idling,6
111386-5-0-4.wav,engine_idling,6
78651-5-0-16.wav,engine_idling,6
94632-5-0-0.wav,engine_idling,6
39852-5-0-1.wav,engine_idling,6
111386-5-1-4.wav,engine_idling,6
78651-5-0-9.wav,engine_idling,6
34952-8-0-1.wav,siren,12
111386-5-1-3.wav,engine_idling,6
106486-5-0-2.wav,engine_idling,6
111386-5-0-2.wav,engine_idling,6
50455-5-0-0.wav,engine_idling,6
94632-5-1-23.wav,engine_idling,6
135544-6-4-0.wav,gun_shot,9
111386-5-0-3.wav,engine_idling,6
78651-5-0-7.wav,engine_idling,6
94632-5-0-8.wav,engine_idling,6
159702-6-4-0.wav,gun_shot,9
94632-5-0-31.wav,engine_idling,6
135544-6-18-0.wav,gun_shot,9
78651-5-0-2.wav,engine_idling,6
133797-6-0-0.wav,gun_shot,9
159704-6-0-0.wav,gun_shot,9
34952-8-0-0.wav,siren,12
62564-5-0-2.wav,engine_idling,6
78651-5-0-10.wav,engine_idling,6
78651-5-0-8.wav,engine_idling,6
75490-8-0-0.wav,siren,12
158979-6-0-0.wav,gun_shot,9
111386-5-0-1.wav,engine_idling,6
162434-6-2-0.wav,gun_shot,9
135544-6-6-0.wav,gun_shot,9
135544-6-9-0.wav,gun_shot,9
135544-6-14-0.wav,gun_shot,9
159702-6-0-0.wav,gun_shot,9
74726-8-0-6.wav,siren,12
78651-5-0-4.wav,engine_idling,6
124389-8-1-2.wav,siren,12
135544-6-7-0.wav,gun_shot,9
124389-8-1-3.wav,siren,12
74726-8-0-15.wav,siren,12
39884-5-0-1.wav,engine_idling,6
135544-6-15-0.wav,gun_shot,9
39884-5-0-2.wav,engine_idling,6
148835-6-4-0.wav,gun_shot,9
124389-8-1-7.wav,siren,12
188004-8-0-1.wav,siren,12
135160-8-0-1.wav,siren,12
148833-6-0-0.wav,gun_shot,9
78651-5-0-17.wav,engine_idling,6
34952-8-0-5.wav,siren,12
74726-8-2-5.wav,siren,12
124389-8-1-11.wav,siren,12
148835-6-0-0.wav,gun_shot,9
135544-6-1-0.wav,gun_shot,9
74726-8-0-4.wav,siren,12
159702-6-3-0.wav,gun_shot,9
78651-5-0-15.wav,engine_idling,6
124389-8-1-5.wav,siren,12
70740-8-0-0.wav,siren,12
124389-8-1-0.wav,siren,12
111386-5-0-7.wav,engine_idling,6
74726-8-1-0.wav,siren,12
83680-5-0-3.wav,engine_idling,6
111386-5-1-2.wav,engine_idling,6
39884-5-0-4.wav,engine_idling,6
148835-6-3-0.wav,gun_shot,9
135160-8-0-7.wav,siren,12
111386-5-1-0.wav,engine_idling,6
39854-5-0-0.wav,engine_idling,6
124389-8-1-12.wav,siren,12
111386-5-0-5.wav,engine_idling,6
74726-8-0-8.wav,siren,12
159702-6-6-0.wav,gun_shot,9
78651-5-0-6.wav,engine_idling,6
148835-6-2-0.wav,gun_shot,9
74726-8-0-12.wav,siren,12
83680-5-0-2.wav,engine_idling,6
36403-6-0-0.wav,gun_shot,9
159702-6-5-0.wav,gun_shot,9
135160-8-0-11.wav,siren,12
74726-8-0-16.wav,siren,12
162434-6-0-0.wav,gun_shot,9
135544-6-3-0.wav,gun_shot,9
39854-5-1-0.wav,engine_idling,6
94632-5-1-14.wav,engine_idling,6
135544-6-11-0.wav,gun_shot,9
74726-8-2-1.wav,siren,12
74726-8-0-10.wav,siren,12
62564-5-0-8.wav,engine_idling,6
148834-6-0-0.wav,gun_shot,9
78651-5-0-3.wav,engine_idling,6
83680-5-0-0.wav,engine_idling,6
74726-8-0-13.wav,siren,12
111386-5-1-13.wav,engine_idling,6
124389-8-1-17.wav,siren,12
75490-8-0-1.wav,siren,12
94632-5-0-27.wav,engine_idling,6
39884-5-0-0.wav,engine_idling,6
94632-5-0-22.wav,engine_idling,6
94632-5-1-11.wav,engine_idling,6
78651-5-0-12.wav,engine_idling,6
111386-5-1-11.wav,engine_idling,6
39884-5-0-6.wav,engine_idling,6
74726-8-0-5.wav,siren,12
94632-5-1-28.wav,engine_idling,6
135160-8-0-3.wav,siren,12
124389-8-1-18.wav,siren,12
94632-5-1-19.wav,engine_idling,6
106486-5-0-0.wav,engine_idling,6
94632-5-0-34.wav,engine_idling,6
133797-6-2-0.wav,gun_shot,9
74726-8-0-7.wav,siren,12
75490-8-1-0.wav,siren,12
62564-5-0-6.wav,engine_idling,6
74726-8-0-1.wav,siren,12
39884-5-0-5.wav,engine_idling,6
94632-5-1-9.wav,engine_idling,6
64346-6-0-0.wav,gun_shot,9
74726-8-0-11.wav,siren,12
135160-8-0-5.wav,siren,12
78651-5-0-1.wav,engine_idling,6
34952-8-0-4.wav,siren,12
124389-8-1-13.wav,siren,12
62564-5-0-9.wav,engine_idling,6
124389-8-1-10.wav,siren,12
34952-8-0-3.wav,siren,12
62564-5-0-10.wav,engine_idling,6
148833-6-1-0.wav,gun_shot,9
94632-5-0-15.wav,engine_idling,6
188004-8-0-2.wav,siren,12
94632-5-0-2.wav,engine_idling,6
135544-6-16-0.wav,gun_shot,9
124389-8-1-16.wav,siren,12
74726-8-0-0.wav,siren,12
111386-5-1-14.wav,engine_idling,6
94632-5-0-14.wav,engine_idling,6
62564-5-0-3.wav,engine_idling,6
78651-5-0-14.wav,engine_idling,6
34952-8-0-2.wav,siren,12
94632-5-1-13.wav,engine_idling,6
111386-5-0-0.wav,engine_idling,6
111386-5-1-12.wav,engine_idling,6
135544-6-17-0.wav,gun_shot,9
159752-8-0-2.wav,siren,12
24347-8-0-48.wav,siren,12
159752-8-0-12.wav,siren,12
24347-8-0-59.wav,siren,12
128160-5-0-11.wav,engine_idling,6
159751-8-0-8.wav,siren,12
159751-8-0-10.wav,siren,12
154758-5-0-11.wav,engine_idling,6
128160-5-0-13.wav,engine_idling,6
24347-8-0-10.wav,siren,12
24347-8-0-28.wav,siren,12
159752-8-0-5.wav,siren,12
135528-6-7-0.wav,gun_shot,9
162435-6-0-0.wav,gun_shot,9
50661-5-0-2.wav,engine_idling,6
50661-5-0-4.wav,engine_idling,6
24347-8-0-49.wav,siren,12
24347-8-0-98.wav,siren,12
16692-5-0-7.wav,engine_idling,6
159751-8-0-12.wav,siren,12
144007-5-1-9.wav,engine_idling,6
148837-6-1-0.wav,gun_shot,9
159752-8-0-3.wav,siren,12
81068-5-0-4.wav,engine_idling,6
24347-8-0-29.wav,siren,12
159753-8-0-4.wav,siren,12
158608-8-0-3.wav,siren,12
154758-5-0-17.wav,engine_idling,6
144007-5-0-14.wav,engine_idling,6
24347-8-0-63.wav,siren,12
156897-6-0-0.wav,gun_shot,9
24347-8-0-45.wav,siren,12
24347-8-0-57.wav,siren,12
159752-8-0-1.wav,siren,12
154758-5-0-3.wav,engine_idling,6
158608-8-0-2.wav,siren,12
176638-5-0-1.wav,engine_idling,6
209864-5-0-2.wav,engine_idling,6
24347-8-0-4.wav,siren,12
162435-6-2-0.wav,gun_shot,9
135528-6-4-0.wav,gun_shot,9
176638-5-0-2.wav,engine_idling,6
24347-8-0-74.wav,siren,12
24347-8-0-46.wav,siren,12
24347-8-0-60.wav,siren,12
159752-8-2-0.wav,siren,12
144007-5-1-7.wav,engine_idling,6
159751-8-0-9.wav,siren,12
144007-5-0-4.wav,engine_idling,6
158977-6-0-0.wav,gun_shot,9
24347-8-0-31.wav,siren,12
135528-6-9-0.wav,gun_shot,9
24347-8-0-17.wav,siren,12
159751-8-0-1.wav,siren,12
24347-8-0-80.wav,siren,12
135528-6-4-2.wav,gun_shot,9
159751-8-0-20.wav,siren,12
24347-8-0-53.wav,siren,12
7064-6-3-0.wav,gun_shot,9
158608-8-0-5.wav,siren,12
24347-8-0-97.wav,siren,12
24347-8-0-9.wav,siren,12
24347-8-0-89.wav,siren,12
159752-8-0-11.wav,siren,12
135528-6-11-0.wav,gun_shot,9
156868-8-3-0.wav,siren,12
23161-6-1-0.wav,gun_shot,9
144007-5-1-8.wav,engine_idling,6
24347-8-0-54.wav,siren,12
144007-5-0-20.wav,engine_idling,6
16692-5-0-1.wav,engine_idling,6
16692-5-0-10.wav,engine_idling,6
144007-5-1-4.wav,engine_idling,6
24347-8-0-6.wav,siren,12
156868-8-4-0.wav,siren,12
144007-5-0-0.wav,engine_idling,6
186938-5-0-0.wav,engine_idling,6
144007-5-1-6.wav,engine_idling,6
24347-8-0-82.wav,siren,12
144007-5-1-11.wav,engine_idling,6
16692-5-0-9.wav,engine_idling,6
24347-8-0-27.wav,siren,12
154758-5-0-14.wav,engine_idling,6
24347-8-0-13.wav,siren,12
209864-5-0-0.wav,engine_idling,6
24347-8-0-75.wav,siren,12
154758-5-0-6.wav,engine_idling,6
24347-8-0-30.wav,siren,12
128160-5-0-0.wav,engine_idling,6
144007-5-0-19.wav,engine_idling,6
16692-5-0-5.wav,engine_idling,6
35799-6-0-0.wav,gun_shot,9
24347-8-0-84.wav,siren,12
24347-8-0-73.wav,siren,12
24347-8-0-71.wav,siren,12
24347-8-0-8.wav,siren,12
24347-8-0-93.wav,siren,12
158608-8-0-4.wav,siren,12
159752-8-0-10.wav,siren,12
7064-6-0-0.wav,gun_shot,9
24347-8-0-12.wav,siren,12
24347-8-0-38.wav,siren,12
24347-8-0-58.wav,siren,12
24347-8-0-88.wav,siren,12
159752-8-2-2.wav,siren,12
50661-5-0-0.wav,engine_idling,6
24347-8-0-15.wav,siren,12
24652-6-0-0.wav,gun_shot,9
24347-8-0-11.wav,siren,12
159753-8-0-3.wav,siren,12
128160-5-0-14.wav,engine_idling,6
144007-5-0-16.wav,engine_idling,6
50661-5-0-5.wav,engine_idling,6
24347-8-0-1.wav,siren,12
24347-8-0-33.wav,siren,12
24347-8-0-23.wav,siren,12
159751-8-0-17.wav,siren,12
24347-8-0-64.wav,siren,12
154758-5-0-21.wav,engine_idling,6
24347-8-0-0.wav,siren,12
24347-8-0-66.wav,siren,12
128160-5-0-9.wav,engine_idling,6
151877-5-1-0.wav,engine_idling,6
144007-5-0-9.wav,engine_idling,6
7064-6-4-0.wav,gun_shot,9
7064-6-5-0.wav,gun_shot,9
144007-5-0-17.wav,engine_idling,6
157799-6-0-0.wav,gun_shot,9
113160-8-0-0.wav,siren,12
144007-5-0-10.wav,engine_idling,6
24347-8-0-61.wav,siren,12
128160-5-0-4.wav,engine_idling,6
94020-8-0-0.wav,siren,12
24347-8-0-67.wav,siren,12
144007-5-0-6.wav,engine_idling,6
50618-6-0-0.wav,gun_shot,9
159752-8-2-3.wav,siren,12
154758-5-0-0.wav,engine_idling,6
159753-8-0-1.wav,siren,12
209864-5-0-3.wav,engine_idling,6
159752-8-0-7.wav,siren,12
24347-8-0-56.wav,siren,12
154758-5-0-16.wav,engine_idling,6
24347-8-0-20.wav,siren,12
24347-8-0-86.wav,siren,12
81068-5-1-0.wav,engine_idling,6
144007-5-0-3.wav,engine_idling,6
24347-8-0-22.wav,siren,12
135528-6-12-0.wav,gun_shot,9
159751-8-0-7.wav,siren,12
159751-8-0-6.wav,siren,12
135528-6-8-0.wav,gun_shot,9
24347-8-0-44.wav,siren,12
154758-5-0-1.wav,engine_idling,6
24347-8-0-94.wav,siren,12
154758-5-0-10.wav,engine_idling,6
94020-8-1-0.wav,siren,12
24347-8-0-77.wav,siren,12
24347-8-0-35.wav,siren,12
81068-5-0-5.wav,engine_idling,6
24347-8-0-2.wav,siren,12
128160-5-0-7.wav,engine_idling,6
128160-5-0-15.wav,engine_idling,6
144007-5-1-3.wav,engine_idling,6
24347-8-0-41.wav,siren,12
24347-8-0-5.wav,siren,12
24347-8-0-78.wav,siren,12
144007-5-0-13.wav,engine_idling,6
16692-5-0-4.wav,engine_idling,6
144007-5-0-2.wav,engine_idling,6
154758-5-0-15.wav,engine_idling,6
154758-5-0-7.wav,engine_idling,6
24347-8-0-25.wav,siren,12
24347-8-0-83.wav,siren,12
81068-5-0-0.wav,engine_idling,6
154758-5-0-8.wav,engine_idling,6
24347-8-0-42.wav,siren,12
144007-5-0-12.wav,engine_idling,6
24347-8-0-99.wav,siren,12
24347-8-0-21.wav,siren,12
176638-5-0-0.wav,engine_idling,6
24632-6-0-0.wav,gun_shot,9
158608-8-0-0.wav,siren,12
159752-8-1-0.wav,siren,12
154758-5-0-5.wav,engine_idling,6
81068-5-0-3.wav,engine_idling,6
128160-5-0-12.wav,engine_idling,6
144007-5-0-7.wav,engine_idling,6
158608-8-0-1.wav,siren,12
81068-5-2-0.wav,engine_idling,6
159752-8-0-0.wav,siren,12
16692-5-0-0.wav,engine_idling,6
159751-8-0-15.wav,siren,12
24347-8-0-50.wav,siren,12
148837-6-2-0.wav,gun_shot,9
144007-5-0-1.wav,engine_idling,6
24347-8-0-79.wav,siren,12
154758-5-0-19.wav,engine_idling,6
24347-8-0-92.wav,siren,12
24347-8-0-69.wav,siren,12
159753-8-0-6.wav,siren,12
144007-5-1-1.wav,engine_idling,6
24347-8-0-26.wav,siren,12
135528-6-1-0.wav,gun_shot,9
24347-8-0-68.wav,siren,12
154758-5-0-18.wav,engine_idling,6
24347-8-0-90.wav,siren,12
159752-8-0-9.wav,siren,12
144007-5-1-10.wav,engine_idling,6
154758-5-0-20.wav,engine_idling,6
154758-5-0-4.wav,engine_idling,6
128160-5-0-2.wav,engine_idling,6
24347-8-0-36.wav,siren,12
7064-6-2-0.wav,gun_shot,9
135528-6-0-0.wav,gun_shot,9
135528-6-3-0.wav,gun_shot,9
159751-8-0-14.wav,siren,12
24347-8-0-81.wav,siren,12
144007-5-0-8.wav,engine_idling,6
24632-6-1-0.wav,gun_shot,9
16692-5-0-8.wav,engine_idling,6
24347-8-0-3.wav,siren,12
151877-5-0-0.wav,engine_idling,6
154758-5-0-2.wav,engine_idling,6
16692-5-0-2.wav,engine_idling,6
24347-8-0-91.wav,siren,12
159751-8-0-4.wav,siren,12
24347-8-0-14.wav,siren,12
135528-6-4-1.wav,gun_shot,9
162435-6-1-0.wav,gun_shot,9
24347-8-0-37.wav,siren,12
24347-8-0-19.wav,siren,12
159753-8-0-5.wav,siren,12
24347-8-0-40.wav,siren,12
159753-8-0-0.wav,siren,12
24347-8-0-70.wav,siren,12
24347-8-0-47.wav,siren,12
159751-8-0-0.wav,siren,12
24347-8-0-52.wav,siren,12
128160-5-0-5.wav,engine_idling,6
50661-5-0-3.wav,engine_idling,6
159751-8-0-21.wav,siren,12
158608-8-0-10.wav,siren,12
23161-6-0-0.wav,gun_shot,9
24347-8-0-18.wav,siren,12
24347-8-0-62.wav,siren,12
156868-8-1-0.wav,siren,12
128160-5-0-3.wav,engine_idling,6
24347-8-0-24.wav,siren,12
144007-5-1-2.wav,engine_idling,6
128160-5-0-10.wav,engine_idling,6
154758-5-0-12.wav,engine_idling,6
24347-8-0-16.wav,siren,12
24347-8-0-43.wav,siren,12
154758-5-0-9.wav,engine_idling,6
24347-8-0-7.wav,siren,12
135528-6-5-0.wav,gun_shot,9
209864-5-0-1.wav,engine_idling,6
128160-5-0-6.wav,engine_idling,6
24347-8-0-87.wav,siren,12
159751-8-0-5.wav,siren,12
144007-5-1-5.wav,engine_idling,6
144007-5-0-15.wav,engine_idling,6
156868-8-0-0.wav,siren,12
144007-5-0-21.wav,engine_idling,6
135528-6-2-0.wav,gun_shot,9
159751-8-0-16.wav,siren,12
159751-8-0-18.wav,siren,12
24347-8-0-55.wav,siren,12
144007-5-0-18.wav,engine_idling,6
159751-8-0-19.wav,siren,12
159751-8-0-2.wav,siren,12
158608-8-0-9.wav,siren,12
24347-8-0-65.wav,siren,12
24347-8-0-85.wav,siren,12
16692-5-0-6.wav,engine_idling,6
24347-8-0-72.wav,siren,12
81068-5-0-2.wav,engine_idling,6
159751-8-0-3.wav,siren,12
16692-5-0-3.wav,engine_idling,6
154758-5-0-13.wav,engine_idling,6
24347-8-0-51.wav,siren,12
158608-8-0-8.wav,siren,12
159752-8-0-4.wav,siren,12
135528-6-6-0.wav,gun_shot,9
24347-8-0-32.wav,siren,12
159751-8-0-13.wav,siren,12
7064-6-1-0.wav,gun_shot,9
24347-8-0-76.wav,siren,12
128160-5-0-1.wav,engine_idling,6
24347-8-0-95.wav,siren,12
24347-8-0-34.wav,siren,12
144007-5-0-5.wav,engine_idling,6
128160-5-0-8.wav,engine_idling,6
159752-8-2-1.wav,siren,12
159751-8-0-11.wav,siren,12
162435-6-3-0.wav,gun_shot,9
50661-5-0-1.wav,engine_idling,6
158608-8-0-7.wav,siren,12
159752-8-0-8.wav,siren,12
24347-8-0-96.wav,siren,12
81068-5-0-1.wav,engine_idling,6
158608-8-0-6.wav,siren,12
24347-8-0-39.wav,siren,12
148837-6-0-0.wav,gun_shot,9
156868-8-2-0.wav,siren,12
159752-8-0-6.wav,siren,12
135528-6-10-0.wav,gun_shot,9
159753-8-0-2.wav,siren,12
144007-5-1-0.wav,engine_idling,6
144007-5-0-11.wav,engine_idling,6
46656-6-0-0.wav,gun_shot,9
113205-5-1-4.wav,engine_idling,6
46656-6-4-0.wav,gun_shot,9
103258-5-0-2.wav,engine_idling,6
118279-8-0-3.wav,siren,12
176787-5-0-4.wav,engine_idling,6
89948-5-0-0.wav,engine_idling,6
174290-6-1-0.wav,gun_shot,9
157867-8-0-4.wav,siren,12
157867-8-0-13.wav,siren,12
176787-5-0-6.wav,engine_idling,6
176787-5-0-16.wav,engine_idling,6
119455-5-0-6.wav,engine_idling,6
176787-5-0-24.wav,engine_idling,6
122690-6-0-0.wav,gun_shot,9
146186-5-0-0.wav,engine_idling,6
143604-5-0-0.wav,engine_idling,6
103258-5-0-17.wav,engine_idling,6
146186-5-0-3.wav,engine_idling,6
40722-8-0-7.wav,siren,12
157867-8-0-19.wav,siren,12
118279-8-0-4.wav,siren,12
174294-6-2-0.wav,gun_shot,9
176787-5-0-12.wav,engine_idling,6
17592-5-1-0.wav,engine_idling,6
176787-5-0-1.wav,engine_idling,6
164053-8-2-0.wav,siren,12
17592-5-0-0.wav,engine_idling,6
164053-8-2-2.wav,siren,12
176787-5-0-26.wav,engine_idling,6
146186-5-0-11.wav,engine_idling,6
103258-5-0-0.wav,engine_idling,6
176787-5-0-7.wav,engine_idling,6
103258-5-0-5.wav,engine_idling,6
157867-8-0-14.wav,siren,12
157867-8-0-20.wav,siren,12
157867-8-0-10.wav,siren,12
176787-5-0-17.wav,engine_idling,6
197318-6-11-0.wav,gun_shot,9
174290-6-0-0.wav,gun_shot,9
157867-8-0-24.wav,siren,12
176787-5-0-21.wav,engine_idling,6
76093-6-1-0.wav,gun_shot,9
159738-8-0-15.wav,siren,12
159738-8-0-0.wav,siren,12
146186-5-0-10.wav,engine_idling,6
43806-8-0-0.wav,siren,12
103258-5-0-11.wav,engine_idling,6
159738-8-0-19.wav,siren,12
159738-8-0-1.wav,siren,12
159738-8-0-16.wav,siren,12
176787-5-0-19.wav,engine_idling,6
176787-5-0-23.wav,engine_idling,6
103258-5-0-16.wav,engine_idling,6
174290-6-2-0.wav,gun_shot,9
113205-5-1-6.wav,engine_idling,6
76093-6-0-0.wav,gun_shot,9
46656-6-3-0.wav,gun_shot,9
174294-6-1-0.wav,gun_shot,9
197318-6-3-0.wav,gun_shot,9
118279-8-0-7.wav,siren,12
40722-8-0-2.wav,siren,12
146186-5-0-8.wav,engine_idling,6
103258-5-0-12.wav,engine_idling,6
106905-8-0-3.wav,siren,12
44736-5-0-1.wav,engine_idling,6
176787-5-0-2.wav,engine_idling,6
176787-5-0-30.wav,engine_idling,6
106905-8-0-0.wav,siren,12
146186-5-0-9.wav,engine_idling,6
197318-6-2-0.wav,gun_shot,9
103258-5-0-4.wav,engine_idling,6
103258-5-0-15.wav,engine_idling,6
146186-5-0-1.wav,engine_idling,6
197318-6-9-0.wav,gun_shot,9
176787-5-0-25.wav,engine_idling,6
176787-5-0-15.wav,engine_idling,6
197318-6-6-0.wav,gun_shot,9
146186-5-0-13.wav,engine_idling,6
103258-5-0-14.wav,engine_idling,6
157867-8-0-8.wav,siren,12
157867-8-0-28.wav,siren,12
197318-6-7-0.wav,gun_shot,9
106905-8-0-2.wav,siren,12
176787-5-0-5.wav,engine_idling,6
86278-6-0-0.wav,gun_shot,9
159738-8-0-6.wav,siren,12
157867-8-0-27.wav,siren,12
103258-5-0-6.wav,engine_idling,6
176787-5-0-0.wav,engine_idling,6
176787-5-0-27.wav,engine_idling,6
176787-5-0-20.wav,engine_idling,6
119455-5-0-4.wav,engine_idling,6
157867-8-0-18.wav,siren,12
113205-5-1-7.wav,engine_idling,6
157867-8-0-12.wav,siren,12
146186-5-0-5.wav,engine_idling,6
17592-5-1-2.wav,engine_idling,6
197318-6-12-0.wav,gun_shot,9
157867-8-0-17.wav,siren,12
176787-5-0-29.wav,engine_idling,6
40722-8-0-4.wav,siren,12
118279-8-0-6.wav,siren,12
176787-5-0-9.wav,engine_idling,6
46656-6-1-0.wav,gun_shot,9
40722-8-0-0.wav,siren,12
113205-5-1-1.wav,engine_idling,6
103258-5-0-3.wav,engine_idling,6
197318-6-8-0.wav,gun_shot,9
157867-8-0-5.wav,siren,12
159738-8-0-4.wav,siren,12
176787-5-0-22.wav,engine_idling,6
118279-8-0-1.wav,siren,12
103258-5-0-13.wav,engine_idling,6
159738-8-0-7.wav,siren,12
174290-6-3-0.wav,gun_shot,9
113205-5-1-2.wav,engine_idling,6
119455-5-0-0.wav,engine_idling,6
146186-5-0-7.wav,engine_idling,6
146186-5-0-6.wav,engine_idling,6
164053-8-0-0.wav,siren,12
197318-6-10-0.wav,gun_shot,9
157867-8-0-25.wav,siren,12
40722-8-0-5.wav,siren,12
157867-8-0-21.wav,siren,12
176787-5-0-13.wav,engine_idling,6
176787-5-0-11.wav,engine_idling,6
40722-8-0-3.wav,siren,12
118279-8-0-0.wav,siren,12
159738-8-0-11.wav,siren,12
103258-5-0-18.wav,engine_idling,6
17592-5-1-1.wav,engine_idling,6
17592-5-1-3.wav,engine_idling,6
119455-5-0-5.wav,engine_idling,6
157867-8-0-15.wav,siren,12
118279-8-0-12.wav,siren,12
159738-8-0-9.wav,siren,12
119455-5-0-3.wav,engine_idling,6
103258-5-0-8.wav,engine_idling,6
157867-8-0-9.wav,siren,12
118279-8-0-11.wav,siren,12
146186-5-0-4.wav,engine_idling,6
30823-8-0-0.wav,siren,12
157867-8-0-2.wav,siren,12
159738-8-0-2.wav,siren,12
44736-5-0-0.wav,engine_idling,6
106905-8-0-1.wav,siren,12
157867-8-0-1.wav,siren,12
164053-8-2-3.wav,siren,12
146186-5-0-12.wav,engine_idling,6
40722-8-0-8.wav,siren,12
118279-8-0-5.wav,siren,12
113205-5-1-8.wav,engine_idling,6
113205-5-1-9.wav,engine_idling,6
157867-8-0-7.wav,siren,12
197318-6-0-0.wav,gun_shot,9
197318-6-5-0.wav,gun_shot,9
157867-8-0-26.wav,siren,12
118279-8-0-9.wav,siren,12
46656-6-2-0.wav,gun_shot,9
197318-6-1-0.wav,gun_shot,9
40722-8-0-1.wav,siren,12
46918-5-0-0.wav,engine_idling,6
113205-5-0-0.wav,engine_idling,6
46656-6-5-0.wav,gun_shot,9
113205-5-1-3.wav,engine_idling,6
103258-5-0-7.wav,engine_idling,6
46654-6-0-0.wav,gun_shot,9
118279-8-0-2.wav,siren,12
77246-6-0-0.wav,gun_shot,9
157867-8-0-23.wav,siren,12
118279-8-0-14.wav,siren,12
159738-8-0-8.wav,siren,12
159738-8-0-5.wav,siren,12
118279-8-0-10.wav,siren,12
157867-8-0-6.wav,siren,12
197318-6-4-0.wav,gun_shot,9
164053-8-3-0.wav,siren,12
157867-8-0-16.wav,siren,12
176787-5-0-18.wav,engine_idling,6
102305-6-0-0.wav,gun_shot,9
113205-5-1-5.wav,engine_idling,6
146186-5-0-2.wav,engine_idling,6
159738-8-0-10.wav,siren,12
176787-5-0-14.wav,engine_idling,6
159738-8-0-14.wav,siren,12
7061-6-0-0.wav,gun_shot,9
157867-8-0-11.wav,siren,12
103258-5-0-19.wav,engine_idling,6
159738-8-0-17.wav,siren,12
119455-5-0-2.wav,engine_idling,6
176787-5-0-3.wav,engine_idling,6
159738-8-0-12.wav,siren,12
40722-8-0-6.wav,siren,12
46918-5-0-2.wav,engine_idling,6
159738-8-0-3.wav,siren,12
119455-5-0-1.wav,engine_idling,6
118279-8-0-8.wav,siren,12
103258-5-0-1.wav,engine_idling,6
118279-8-0-13.wav,siren,12
164053-8-1-0.wav,siren,12
103258-5-0-9.wav,engine_idling,6
159738-8-0-13.wav,siren,12
164053-8-2-1.wav,siren,12
174294-6-0-0.wav,gun_shot,9
157867-8-0-22.wav,siren,12
103258-5-0-10.wav,engine_idling,6
176787-5-0-8.wav,engine_idling,6
46918-5-0-1.wav,engine_idling,6
196400-6-0-0.wav,gun_shot,9
176787-5-0-28.wav,engine_idling,6
159738-8-0-18.wav,siren,12
113205-5-1-0.wav,engine_idling,6
157867-8-0-3.wav,siren,12
157867-8-0-0.wav,siren,12
119455-5-0-7.wav,engine_idling,6
176787-5-0-10.wav,engine_idling,6
12812-5-0-2.wav,engine_idling,6
103249-5-0-7.wav,engine_idling,6
159745-8-1-4.wav,siren,12
119449-5-0-6.wav,engine_idling,6
174282-6-0-0.wav,gun_shot,9
39856-5-0-28.wav,engine_idling,6
62567-5-0-8.wav,engine_idling,6
62567-5-0-2.wav,engine_idling,6
136399-6-7-0.wav,gun_shot,9
157866-8-0-23.wav,siren,12
159748-8-2-6.wav,siren,12
136399-6-0-0.wav,gun_shot,9
159748-8-2-3.wav,siren,12
187075-5-0-0.wav,engine_idling,6
66601-8-0-2.wav,siren,12
159744-8-0-7.wav,siren,12
136399-6-4-0.wav,gun_shot,9
159745-8-1-5.wav,siren,12
157866-8-0-11.wav,siren,12
39856-5-0-15.wav,engine_idling,6
39856-5-0-23.wav,engine_idling,6
157866-8-0-2.wav,siren,12
119449-5-0-3.wav,engine_idling,6
39856-5-0-7.wav,engine_idling,6
39856-5-0-14.wav,engine_idling,6
157866-8-0-27.wav,siren,12
62567-5-0-9.wav,engine_idling,6
136399-6-8-0.wav,gun_shot,9
187075-5-0-5.wav,engine_idling,6
136399-6-5-0.wav,gun_shot,9
145683-6-3-0.wav,gun_shot,9
159744-8-0-13.wav,siren,12
174287-6-2-0.wav,gun_shot,9
157866-8-0-8.wav,siren,12
159745-8-1-0.wav,siren,12
39856-5-0-13.wav,engine_idling,6
157866-8-0-18.wav,siren,12
187075-5-0-7.wav,engine_idling,6
187075-5-0-1.wav,engine_idling,6
157801-6-0-0.wav,gun_shot,9
159745-8-1-3.wav,siren,12
157866-8-0-13.wav,siren,12
39856-5-0-5.wav,engine_idling,6
159745-8-1-7.wav,siren,12
103249-5-0-6.wav,engine_idling,6
174282-6-2-0.wav,gun_shot,9
62567-5-0-3.wav,engine_idling,6
159755-8-0-3.wav,siren,12
39856-5-0-2.wav,engine_idling,6
159745-8-1-1.wav,siren,12
39856-5-0-6.wav,engine_idling,6
18592-5-0-3.wav,engine_idling,6
159748-8-2-7.wav,siren,12
39856-5-0-17.wav,engine_idling,6
66601-8-0-4.wav,siren,12
18592-5-0-2.wav,engine_idling,6
22882-5-0-1.wav,engine_idling,6
157866-8-0-4.wav,siren,12
174282-6-1-0.wav,gun_shot,9
103249-5-0-1.wav,engine_idling,6
159744-8-0-2.wav,siren,12
159748-8-2-4.wav,siren,12
22882-5-0-0.wav,engine_idling,6
25038-6-0-0.wav,gun_shot,9
103249-5-0-0.wav,engine_idling,6
159748-8-0-7.wav,siren,12
157866-8-0-26.wav,siren,12
119449-5-0-2.wav,engine_idling,6
159748-8-2-2.wav,siren,12
159748-8-2-1.wav,siren,12
62567-5-0-7.wav,engine_idling,6
25038-6-1-0.wav,gun_shot,9
39856-5-0-22.wav,engine_idling,6
39856-5-0-26.wav,engine_idling,6
62567-5-0-5.wav,engine_idling,6
103249-5-0-3.wav,engine_idling,6
119449-5-0-1.wav,engine_idling,6
159755-8-0-0.wav,siren,12
103249-5-0-5.wav,engine_idling,6
157866-8-0-22.wav,siren,12
39856-5-0-25.wav,engine_idling,6
18592-5-0-0.wav,engine_idling,6
103249-5-0-9.wav,engine_idling,6
174287-6-1-0.wav,gun_shot,9
159748-8-2-8.wav,siren,12
22885-5-0-0.wav,engine_idling,6
157866-8-0-19.wav,siren,12
159748-8-0-5.wav,siren,12
39856-5-0-9.wav,engine_idling,6
62567-5-0-10.wav,engine_idling,6
159744-8-0-6.wav,siren,12
157866-8-0-17.wav,siren,12
159745-8-1-6.wav,siren,12
174287-6-0-0.wav,gun_shot,9
159748-8-0-8.wav,siren,12
159744-8-0-8.wav,siren,12
157866-8-0-6.wav,siren,12
136399-6-1-0.wav,gun_shot,9
103249-5-0-4.wav,engine_idling,6
39856-5-0-0.wav,engine_idling,6
145683-6-0-0.wav,gun_shot,9
39856-5-0-16.wav,engine_idling,6
159748-8-0-3.wav,siren,12
39856-5-0-12.wav,engine_idling,6
159748-8-0-1.wav,siren,12
12812-5-0-1.wav,engine_idling,6
157866-8-0-1.wav,siren,12
39856-5-0-3.wav,engine_idling,6
62567-5-0-1.wav,engine_idling,6
157866-8-0-0.wav,siren,12
159744-8-0-11.wav,siren,12
157866-8-0-16.wav,siren,12
159748-8-0-4.wav,siren,12
103249-5-0-19.wav,engine_idling,6
87562-6-0-0.wav,gun_shot,9
145683-6-5-0.wav,gun_shot,9
159744-8-0-5.wav,siren,12
159748-8-0-9.wav,siren,12
7063-6-0-0.wav,gun_shot,9
39856-5-0-4.wav,engine_idling,6
159744-8-0-9.wav,siren,12
103249-5-0-8.wav,engine_idling,6
148166-6-0-0.wav,gun_shot,9
103249-5-0-16.wav,engine_idling,6
66601-8-0-0.wav,siren,12
159744-8-0-12.wav,siren,12
159744-8-0-1.wav,siren,12
159744-8-0-4.wav,siren,12
159748-8-2-0.wav,siren,12
119449-5-0-0.wav,engine_idling,6
159748-8-0-0.wav,siren,12
157866-8-0-25.wav,siren,12
66601-8-0-3.wav,siren,12
174287-6-3-0.wav,gun_shot,9
103249-5-0-13.wav,engine_idling,6
159744-8-0-3.wav,siren,12
157866-8-0-9.wav,siren,12
159744-8-0-0.wav,siren,12
159744-8-0-10.wav,siren,12
39856-5-0-1.wav,engine_idling,6
187075-5-0-8.wav,engine_idling,6
157866-8-0-3.wav,siren,12
157866-8-0-24.wav,siren,12
39856-5-0-8.wav,engine_idling,6
103249-5-0-12.wav,engine_idling,6
136399-6-9-0.wav,gun_shot,9
39856-5-0-27.wav,engine_idling,6
18592-5-0-4.wav,engine_idling,6
159748-8-0-2.wav,siren,12
187075-5-0-2.wav,engine_idling,6
103249-5-0-2.wav,engine_idling,6
62567-5-0-0.wav,engine_idling,6
159745-8-0-0.wav,siren,12
66601-8-0-5.wav,siren,12
157866-8-0-5.wav,siren,12
159707-6-0-0.wav,gun_shot,9
39856-5-0-24.wav,engine_idling,6
187075-5-0-6.wav,engine_idling,6
103249-5-0-18.wav,engine_idling,6
39856-5-0-20.wav,engine_idling,6
103249-5-0-17.wav,engine_idling,6
39856-5-0-21.wav,engine_idling,6
159745-8-1-2.wav,siren,12
39856-5-0-18.wav,engine_idling,6
159755-8-0-2.wav,siren,12
39856-5-0-11.wav,engine_idling,6
157866-8-0-20.wav,siren,12
103249-5-0-15.wav,engine_idling,6
62567-5-0-4.wav,engine_idling,6
159748-8-2-5.wav,siren,12
119449-5-0-5.wav,engine_idling,6
103249-5-0-10.wav,engine_idling,6
157866-8-0-21.wav,siren,12
119449-5-0-4.wav,engine_idling,6
157866-8-0-10.wav,siren,12
145683-6-1-0.wav,gun_shot,9
66601-8-0-1.wav,siren,12
39856-5-0-10.wav,engine_idling,6
157866-8-0-12.wav,siren,12
145683-6-4-0.wav,gun_shot,9
187075-5-0-4.wav,engine_idling,6
62567-5-1-0.wav,engine_idling,6
145683-6-2-0.wav,gun_shot,9
159755-8-0-1.wav,siren,12
136399-6-6-0.wav,gun_shot,9
159748-8-1-0.wav,siren,12
136399-6-2-0.wav,gun_shot,9
157866-8-0-14.wav,siren,12
18592-5-0-1.wav,engine_idling,6
136399-6-3-0.wav,gun_shot,9
159748-8-0-6.wav,siren,12
62567-5-1-1.wav,engine_idling,6
16772-8-0-0.wav,siren,12
106955-6-0-0.wav,gun_shot,9
157866-8-0-15.wav,siren,12
103249-5-0-14.wav,engine_idling,6
187075-5-0-3.wav,engine_idling,6
12812-5-0-0.wav,engine_idling,6
39856-5-0-19.wav,engine_idling,6
103249-5-0-11.wav,engine_idling,6
157866-8-0-7.wav,siren,12
62567-5-0-6.wav,engine_idling,6
50668-5-1-0.wav,engine_idling,6
148632-8-0-15.wav,siren,12
117181-8-0-12.wav,siren,12
157868-8-0-4.wav,siren,12
186935-5-0-0.wav,engine_idling,6
50668-5-3-0.wav,engine_idling,6
117181-8-0-1.wav,siren,12
113202-5-0-0.wav,engine_idling,6
148632-8-0-13.wav,siren,12
174285-6-0-0.wav,gun_shot,9
50668-5-0-1.wav,engine_idling,6
157868-8-0-22.wav,siren,12
91209-5-1-5.wav,engine_idling,6
157868-8-0-5.wav,siren,12
157868-8-0-21.wav,siren,12
162433-6-3-0.wav,gun_shot,9
50668-5-2-0.wav,engine_idling,6
157868-8-0-24.wav,siren,12
50668-5-6-0.wav,engine_idling,6
106905-5-0-0.wav,engine_idling,6
113202-5-0-16.wav,engine_idling,6
71177-8-2-1.wav,siren,12
7068-6-0-0.wav,gun_shot,9
162433-6-8-0.wav,gun_shot,9
113202-5-0-4.wav,engine_idling,6
91209-5-1-2.wav,engine_idling,6
157868-8-0-9.wav,siren,12
148632-8-0-14.wav,siren,12
106905-5-0-1.wav,engine_idling,6
113203-5-5-0.wav,engine_idling,6
113202-5-0-19.wav,engine_idling,6
148632-8-0-16.wav,siren,12
162433-6-2-0.wav,gun_shot,9
156358-5-0-3.wav,engine_idling,6
113202-5-0-9.wav,engine_idling,6
157868-8-0-1.wav,siren,12
117181-8-0-2.wav,siren,12
113203-5-0-6.wav,engine_idling,6
113203-5-0-8.wav,engine_idling,6
71177-8-1-0.wav,siren,12
113203-5-0-5.wav,engine_idling,6
148632-8-0-2.wav,siren,12
98536-8-0-0.wav,siren,12
162433-6-7-0.wav,gun_shot,9
113203-5-0-0.wav,engine_idling,6
157868-8-0-0.wav,siren,12
113216-5-0-0.wav,engine_idling,6
113203-5-1-0.wav,engine_idling,6
91209-5-0-2.wav,engine_idling,6
113202-5-0-2.wav,engine_idling,6
50668-5-5-2.wav,engine_idling,6
159706-6-0-0.wav,gun_shot,9
113203-5-0-7.wav,engine_idling,6
113216-5-0-2.wav,engine_idling,6
113202-5-0-11.wav,engine_idling,6
52284-6-0-0.wav,gun_shot,9
162433-6-4-0.wav,gun_shot,9
117181-8-0-5.wav,siren,12
148632-8-0-7.wav,siren,12
96657-8-0-0.wav,siren,12
133473-8-0-1.wav,siren,12
145206-6-0-0.wav,gun_shot,9
113202-5-0-14.wav,engine_idling,6
156358-5-0-0.wav,engine_idling,6
96657-8-0-3.wav,siren,12
113202-5-0-10.wav,engine_idling,6
145612-6-0-0.wav,gun_shot,9
113203-5-6-0.wav,engine_idling,6
157868-8-0-19.wav,siren,12
71177-8-0-1.wav,siren,12
174285-6-1-0.wav,gun_shot,9
113203-5-0-1.wav,engine_idling,6
157868-8-0-25.wav,siren,12
113202-5-0-13.wav,engine_idling,6
151069-6-0-0.wav,gun_shot,9
113202-5-0-21.wav,engine_idling,6
71177-8-2-0.wav,siren,12
113202-5-0-18.wav,engine_idling,6
148632-8-0-5.wav,siren,12
117181-8-0-11.wav,siren,12
113203-5-7-0.wav,engine_idling,6
162433-6-1-0.wav,gun_shot,9
148632-8-0-10.wav,siren,12
113202-5-0-24.wav,engine_idling,6
117181-8-0-7.wav,siren,12
113216-5-0-3.wav,engine_idling,6
162433-6-6-0.wav,gun_shot,9
50668-5-5-1.wav,engine_idling,6
148632-8-0-8.wav,siren,12
145206-6-1-0.wav,gun_shot,9
50668-5-0-0.wav,engine_idling,6
156358-5-0-5.wav,engine_idling,6
113202-5-0-3.wav,engine_idling,6
113203-5-0-3.wav,engine_idling,6
157868-8-0-14.wav,siren,12
157868-8-0-20.wav,siren,12
157868-8-0-16.wav,siren,12
91209-5-1-1.wav,engine_idling,6
113202-5-0-28.wav,engine_idling,6
148632-8-0-6.wav,siren,12
50668-5-7-0.wav,engine_idling,6
113202-5-0-23.wav,engine_idling,6
157868-8-0-17.wav,siren,12
71177-8-0-0.wav,siren,12
145612-6-3-0.wav,gun_shot,9
148632-8-0-1.wav,siren,12
157868-8-0-6.wav,siren,12
148632-8-0-0.wav,siren,12
157868-8-0-2.wav,siren,12
145206-6-2-0.wav,gun_shot,9
157868-8-0-23.wav,siren,12
162433-6-0-0.wav,gun_shot,9
113203-5-1-2.wav,engine_idling,6
157868-8-0-7.wav,siren,12
133473-8-0-3.wav,siren,12
186935-5-0-1.wav,engine_idling,6
91209-5-0-0.wav,engine_idling,6
113202-5-0-22.wav,engine_idling,6
148632-8-0-9.wav,siren,12
113202-5-0-25.wav,engine_idling,6
113202-5-0-26.wav,engine_idling,6
91209-5-1-4.wav,engine_idling,6
157868-8-0-13.wav,siren,12
96657-8-0-2.wav,siren,12
113202-5-0-8.wav,engine_idling,6
117181-8-0-8.wav,siren,12
113202-5-0-17.wav,engine_idling,6
156358-5-0-4.wav,engine_idling,6
157868-8-0-26.wav,siren,12
113203-5-3-0.wav,engine_idling,6
113203-5-0-2.wav,engine_idling,6
91209-5-1-0.wav,engine_idling,6
145612-6-1-0.wav,gun_shot,9
148632-8-0-3.wav,siren,12
113216-5-0-4.wav,engine_idling,6
133473-8-0-2.wav,siren,12
148632-8-0-17.wav,siren,12
162433-6-5-0.wav,gun_shot,9
157868-8-0-3.wav,siren,12
157868-8-0-10.wav,siren,12
133473-8-0-0.wav,siren,12
186940-5-0-0.wav,engine_idling,6
148632-8-0-11.wav,siren,12
113202-5-0-27.wav,engine_idling,6
113202-5-0-12.wav,engine_idling,6
113203-5-3-1.wav,engine_idling,6
117181-8-0-6.wav,siren,12
117181-8-0-9.wav,siren,12
157868-8-0-15.wav,siren,12
113203-5-2-0.wav,engine_idling,6
145206-6-5-0.wav,gun_shot,9
71177-8-1-2.wav,siren,12
156358-5-0-6.wav,engine_idling,6
71177-8-1-4.wav,siren,12
91209-5-1-3.wav,engine_idling,6
113202-5-0-7.wav,engine_idling,6
133473-8-0-5.wav,siren,12
25039-6-0-0.wav,gun_shot,9
113203-5-8-0.wav,engine_idling,6
113202-5-0-15.wav,engine_idling,6
113216-5-0-1.wav,engine_idling,6
113203-5-4-0.wav,engine_idling,6
113202-5-0-20.wav,engine_idling,6
157868-8-0-8.wav,siren,12
71177-8-1-1.wav,siren,12
7065-6-0-0.wav,gun_shot,9
117181-8-0-4.wav,siren,12
113203-5-1-1.wav,engine_idling,6
113203-5-0-4.wav,engine_idling,6
148632-8-0-4.wav,siren,12
157868-8-0-11.wav,siren,12
148632-8-0-18.wav,siren,12
113202-5-0-6.wav,engine_idling,6
157868-8-0-27.wav,siren,12
145206-6-3-0.wav,gun_shot,9
174285-6-2-0.wav,gun_shot,9
50668-5-4-0.wav,engine_idling,6
157868-8-0-18.wav,siren,12
113202-5-0-5.wav,engine_idling,6
117181-8-0-3.wav,siren,12
131571-6-0-0.wav,gun_shot,9
156358-5-0-2.wav,engine_idling,6
113202-5-0-1.wav,engine_idling,6
145206-6-4-0.wav,gun_shot,9
50668-5-5-0.wav,engine_idling,6
91209-5-0-1.wav,engine_idling,6
156358-5-0-1.wav,engine_idling,6
106905-5-0-2.wav,engine_idling,6
133473-8-0-4.wav,siren,12
148632-8-0-12.wav,siren,12
117181-8-0-0.wav,siren,12
157868-8-0-12.wav,siren,12
25039-6-1-0.wav,gun_shot,9
71177-8-1-3.wav,siren,12
145612-6-2-0.wav,gun_shot,9
50668-5-0-2.wav,engine_idling,6
117181-8-0-10.wav,siren,12
96657-8-0-1.wav,siren,12
149177-6-0-0.wav,gun_shot,9
46655-6-0-0.wav,gun_shot,9
123688-8-0-6.wav,siren,12
102871-8-0-1.wav,siren,12
201652-5-5-2.wav,engine_idling,6
152908-5-0-1.wav,engine_idling,6
94710-5-0-0.wav,engine_idling,6
159750-8-0-0.wav,siren,12
201652-5-5-1.wav,engine_idling,6
50898-5-0-0.wav,engine_idling,6
37236-6-0-0.wav,gun_shot,9
123688-8-2-1.wav,siren,12
123688-8-2-2.wav,siren,12
201652-5-2-0.wav,engine_idling,6
106015-5-0-2.wav,engine_idling,6
91396-8-0-0.wav,siren,12
201652-5-2-5.wav,engine_idling,6
76091-6-0-0.wav,gun_shot,9
40717-8-0-5.wav,siren,12
201652-5-2-4.wav,engine_idling,6
201652-5-5-4.wav,engine_idling,6
177592-5-0-8.wav,engine_idling,6
123688-8-0-4.wav,siren,12
159747-8-0-1.wav,siren,12
177592-5-0-7.wav,engine_idling,6
102871-8-0-9.wav,siren,12
94710-5-0-3.wav,engine_idling,6
159747-8-0-19.wav,siren,12
123688-8-2-0.wav,siren,12
174293-6-2-0.wav,gun_shot,9
201652-5-2-1.wav,engine_idling,6
123688-8-0-18.wav,siren,12
102858-5-0-1.wav,engine_idling,6
152908-5-0-2.wav,engine_idling,6
123688-8-1-4.wav,siren,12
159750-8-0-1.wav,siren,12
201652-5-4-8.wav,engine_idling,6
44735-5-0-0.wav,engine_idling,6
113201-5-0-4.wav,engine_idling,6
123688-8-0-13.wav,siren,12
66996-8-3-0.wav,siren,12
159750-8-0-8.wav,siren,12
159747-8-0-21.wav,siren,12
152908-5-0-4.wav,engine_idling,6
106015-5-0-1.wav,engine_idling,6
152908-5-0-13.wav,engine_idling,6
143970-5-0-1.wav,engine_idling,6
123688-8-0-7.wav,siren,12
102871-8-0-15.wav,siren,12
123688-8-0-16.wav,siren,12
123688-8-0-10.wav,siren,12
76089-6-0-0.wav,gun_shot,9
102871-8-0-6.wav,siren,12
197320-6-5-0.wav,gun_shot,9
174293-6-0-0.wav,gun_shot,9
106015-5-0-15.wav,engine_idling,6
159710-6-0-0.wav,gun_shot,9
152908-5-0-0.wav,engine_idling,6
106015-5-0-5.wav,engine_idling,6
159747-8-0-12.wav,siren,12
177592-5-0-1.wav,engine_idling,6
106015-5-0-18.wav,engine_idling,6
201652-5-3-1.wav,engine_idling,6
102871-8-0-0.wav,siren,12
102871-8-0-13.wav,siren,12
159747-8-0-6.wav,siren,12
106015-5-0-9.wav,engine_idling,6
197320-6-2-0.wav,gun_shot,9
201652-5-0-2.wav,engine_idling,6
123688-8-0-2.wav,siren,12
201652-5-4-0.wav,engine_idling,6
123688-8-0-11.wav,siren,12
159743-8-0-0.wav,siren,12
106015-5-0-10.wav,engine_idling,6
145608-6-2-0.wav,gun_shot,9
197320-6-6-0.wav,gun_shot,9
201652-5-4-7.wav,engine_idling,6
201652-5-0-1.wav,engine_idling,6
102871-8-0-14.wav,siren,12
76090-6-0-0.wav,gun_shot,9
197320-6-7-0.wav,gun_shot,9
35800-6-0-0.wav,gun_shot,9
159747-8-0-4.wav,siren,12
123688-8-0-9.wav,siren,12
106015-5-0-8.wav,engine_idling,6
106015-5-0-17.wav,engine_idling,6
201652-5-3-4.wav,engine_idling,6
159747-8-0-5.wav,siren,12
177592-5-0-4.wav,engine_idling,6
152908-5-0-12.wav,engine_idling,6
106015-5-0-13.wav,engine_idling,6
201652-5-4-3.wav,engine_idling,6
159750-8-0-3.wav,siren,12
123688-8-2-3.wav,siren,12
76090-6-1-0.wav,gun_shot,9
102871-8-0-8.wav,siren,12
113201-5-0-1.wav,engine_idling,6
201652-5-5-0.wav,engine_idling,6
102871-8-0-4.wav,siren,12
106015-5-0-16.wav,engine_idling,6
91396-8-0-3.wav,siren,12
123688-8-0-15.wav,siren,12
113201-5-0-7.wav,engine_idling,6
106015-5-0-19.wav,engine_idling,6
159747-8-0-18.wav,siren,12
159750-8-0-4.wav,siren,12
102858-5-0-0.wav,engine_idling,6
102871-8-0-10.wav,siren,12
145608-6-3-0.wav,gun_shot,9
163460-6-0-0.wav,gun_shot,9
159747-8-0-11.wav,siren,12
197320-6-9-0.wav,gun_shot,9
177592-5-0-0.wav,engine_idling,6
102871-8-0-2.wav,siren,12
201652-5-3-0.wav,engine_idling,6
152908-5-0-8.wav,engine_idling,6
201652-5-5-3.wav,engine_idling,6
106015-5-0-14.wav,engine_idling,6
66996-8-1-0.wav,siren,12
145608-6-0-0.wav,gun_shot,9
102871-8-0-5.wav,siren,12
152908-5-0-6.wav,engine_idling,6
123688-8-0-3.wav,siren,12
159750-8-0-5.wav,siren,12
201652-5-4-4.wav,engine_idling,6
76091-6-3-0.wav,gun_shot,9
113201-5-0-2.wav,engine_idling,6
159747-8-0-20.wav,siren,12
106015-5-0-4.wav,engine_idling,6
91396-8-0-2.wav,siren,12
143970-5-0-2.wav,engine_idling,6
159747-8-0-15.wav,siren,12
177592-5-0-10.wav,engine_idling,6
40717-8-0-3.wav,siren,12
152908-5-0-9.wav,engine_idling,6
76091-6-1-0.wav,gun_shot,9
106015-5-0-7.wav,engine_idling,6
91396-8-0-1.wav,siren,12
123688-8-0-8.wav,siren,12
159750-8-0-6.wav,siren,12
123688-8-0-5.wav,siren,12
123688-8-1-1.wav,siren,12
201652-5-4-6.wav,engine_idling,6
143970-5-0-3.wav,engine_idling,6
40717-8-0-1.wav,siren,12
159750-8-0-7.wav,siren,12
106015-5-0-3.wav,engine_idling,6
123688-8-0-17.wav,siren,12
201652-5-4-9.wav,engine_idling,6
152908-5-0-3.wav,engine_idling,6
76091-6-4-0.wav,gun_shot,9
106015-5-0-6.wav,engine_idling,6
102871-8-0-7.wav,siren,12
102871-8-0-11.wav,siren,12
159747-8-0-17.wav,siren,12
159747-8-0-8.wav,siren,12
197320-6-10-0.wav,gun_shot,9
159747-8-0-16.wav,siren,12
94710-5-0-2.wav,engine_idling,6
159747-8-0-7.wav,siren,12
159747-8-0-13.wav,siren,12
177592-5-0-2.wav,engine_idling,6
197320-6-0-0.wav,gun_shot,9
152908-5-0-7.wav,engine_idling,6
113201-5-0-3.wav,engine_idling,6
44735-5-0-1.wav,engine_idling,6
40717-8-0-6.wav,siren,12
106015-5-0-12.wav,engine_idling,6
123688-8-0-12.wav,siren,12
201652-5-4-5.wav,engine_idling,6
159747-8-0-2.wav,siren,12
152908-5-0-11.wav,engine_idling,6
94710-5-0-1.wav,engine_idling,6
106015-5-0-20.wav,engine_idling,6
201652-5-5-5.wav,engine_idling,6
123688-8-1-3.wav,siren,12
123688-8-0-14.wav,siren,12
197320-6-12-0.wav,gun_shot,9
113201-5-0-6.wav,engine_idling,6
76091-6-2-0.wav,gun_shot,9
40717-8-0-0.wav,siren,12
102871-8-0-12.wav,siren,12
201652-5-3-3.wav,engine_idling,6
177592-5-0-9.wav,engine_idling,6
201652-5-4-2.wav,engine_idling,6
106015-5-0-0.wav,engine_idling,6
123688-8-1-2.wav,siren,12
102871-8-0-3.wav,siren,12
123688-8-0-0.wav,siren,12
201652-5-4-1.wav,engine_idling,6
123688-8-0-1.wav,siren,12
123688-8-1-0.wav,siren,12
197320-6-8-0.wav,gun_shot,9
197320-6-1-0.wav,gun_shot,9
152908-5-0-5.wav,engine_idling,6
201652-5-0-3.wav,engine_idling,6
197320-6-3-0.wav,gun_shot,9
113201-5-0-0.wav,engine_idling,6
201652-5-1-0.wav,engine_idling,6
40717-8-0-4.wav,siren,12
159750-8-0-2.wav,siren,12
197320-6-4-0.wav,gun_shot,9
94710-5-1-0.wav,engine_idling,6
76091-6-5-0.wav,gun_shot,9
201652-5-0-0.wav,engine_idling,6
106015-5-0-11.wav,engine_idling,6
145608-6-1-0.wav,gun_shot,9
201652-5-3-2.wav,engine_idling,6
40717-8-0-2.wav,siren,12
197320-6-11-0.wav,gun_shot,9
159747-8-0-9.wav,siren,12
174293-6-1-0.wav,gun_shot,9
201652-5-2-2.wav,engine_idling,6
177592-5-0-3.wav,engine_idling,6
159747-8-0-0.wav,siren,12
143970-5-0-0.wav,engine_idling,6
152908-5-0-10.wav,engine_idling,6
159747-8-0-3.wav,siren,12
159747-8-0-10.wav,siren,12
123688-8-1-5.wav,siren,12
123688-8-2-4.wav,siren,12
177592-5-0-6.wav,engine_idling,6
159747-8-0-14.wav,siren,12
201652-5-2-3.wav,engine_idling,6
113201-5-0-5.wav,engine_idling,6
177592-5-0-5.wav,engine_idling,6
135527-6-14-9.wav,gun_shot,9
135527-6-12-0.wav,gun_shot,9
209992-5-4-3.wav,engine_idling,6
102853-8-0-4.wav,siren,12
135527-6-1-0.wav,gun_shot,9
209992-5-1-7.wav,engine_idling,6
135527-6-14-10.wav,gun_shot,9
148828-6-1-0.wav,gun_shot,9
105289-8-0-2.wav,siren,12
159708-6-1-0.wav,gun_shot,9
102853-8-0-3.wav,siren,12
107357-8-1-9.wav,siren,12
123685-5-0-1.wav,engine_idling,6
123685-5-0-4.wav,engine_idling,6
201988-5-0-19.wav,engine_idling,6
43805-8-0-0.wav,siren,12
209992-5-2-43.wav,engine_idling,6
209992-5-2-91.wav,engine_idling,6
168846-5-1-5.wav,engine_idling,6
7060-6-2-0.wav,gun_shot,9
135527-6-2-0.wav,gun_shot,9
209992-5-2-115.wav,engine_idling,6
148828-6-0-0.wav,gun_shot,9
39857-5-5-0.wav,engine_idling,6
149193-5-0-4.wav,engine_idling,6
39857-5-0-0.wav,engine_idling,6
39857-5-3-0.wav,engine_idling,6
201988-5-0-5.wav,engine_idling,6
201988-5-0-10.wav,engine_idling,6
135527-6-0-0.wav,gun_shot,9
123685-5-0-5.wav,engine_idling,6
194962-5-0-0.wav,engine_idling,6
107357-8-0-8.wav,siren,12
201988-5-0-8.wav,engine_idling,6
168846-5-1-2.wav,engine_idling,6
148827-6-3-0.wav,gun_shot,9
168846-5-1-14.wav,engine_idling,6
105289-8-0-0.wav,siren,12
57323-8-0-5.wav,siren,12
39857-5-0-2.wav,engine_idling,6
105289-8-2-7.wav,siren,12
135527-6-9-0.wav,gun_shot,9
43805-8-2-0.wav,siren,12
57323-8-0-7.wav,siren,12
107357-8-1-4.wav,siren,12
7060-6-0-0.wav,gun_shot,9
209992-5-2-42.wav,engine_idling,6
7060-6-1-0.wav,gun_shot,9
135527-6-6-0.wav,gun_shot,9
159708-6-6-0.wav,gun_shot,9
39857-5-1-2.wav,engine_idling,6
105289-8-2-6.wav,siren,12
62878-8-0-2.wav,siren,12
201988-5-0-1.wav,engine_idling,6
57323-8-0-6.wav,siren,12
57323-8-0-1.wav,siren,12
168846-5-1-9.wav,engine_idling,6
102853-8-0-0.wav,siren,12
201988-5-0-4.wav,engine_idling,6
102853-8-0-1.wav,siren,12
105289-8-1-4.wav,siren,12
107357-8-1-15.wav,siren,12
209992-5-2-116.wav,engine_idling,6
105289-8-0-5.wav,siren,12
209992-5-0-0.wav,engine_idling,6
43805-8-4-0.wav,siren,12
107357-8-0-6.wav,siren,12
135527-6-14-1.wav,gun_shot,9
105289-8-1-2.wav,siren,12
159708-6-2-0.wav,gun_shot,9
107357-8-1-12.wav,siren,12
135527-6-8-0.wav,gun_shot,9
201988-5-0-15.wav,engine_idling,6
209992-5-3-22.wav,engine_idling,6
168846-5-1-8.wav,engine_idling,6
105289-8-0-4.wav,siren,12
44737-5-0-3.wav,engine_idling,6
123685-5-0-2.wav,engine_idling,6
107357-8-1-0.wav,siren,12
102853-8-0-2.wav,siren,12
201988-5-0-22.wav,engine_idling,6
102853-8-0-5.wav,siren,12
107357-8-0-2.wav,siren,12
159708-6-0-0.wav,gun_shot,9
201988-5-0-12.wav,engine_idling,6
107357-8-1-13.wav,siren,12
105289-8-0-1.wav,siren,12
149193-5-0-2.wav,engine_idling,6
107357-8-1-14.wav,siren,12
201988-5-0-9.wav,engine_idling,6
135527-6-14-6.wav,gun_shot,9
209992-5-3-5.wav,engine_idling,6
148827-6-0-0.wav,gun_shot,9
107357-8-0-3.wav,siren,12
107357-8-1-7.wav,siren,12
149193-5-0-0.wav,engine_idling,6
123685-5-0-3.wav,engine_idling,6
209992-5-2-138.wav,engine_idling,6
194962-5-0-1.wav,engine_idling,6
107357-8-1-1.wav,siren,12
209992-5-4-17.wav,engine_idling,6
57323-8-0-8.wav,siren,12
168846-5-1-6.wav,engine_idling,6
98525-8-0-0.wav,siren,12
168846-5-1-13.wav,engine_idling,6
107357-8-0-7.wav,siren,12
123685-5-0-7.wav,engine_idling,6
201988-5-0-13.wav,engine_idling,6
209992-5-2-79.wav,engine_idling,6
39857-5-1-3.wav,engine_idling,6
135527-6-14-2.wav,gun_shot,9
105289-8-2-4.wav,siren,12
39857-5-0-1.wav,engine_idling,6
107357-8-1-11.wav,siren,12
209992-5-2-77.wav,engine_idling,6
62878-8-0-1.wav,siren,12
44737-5-0-2.wav,engine_idling,6
135527-6-14-8.wav,gun_shot,9
201988-5-0-18.wav,engine_idling,6
135527-6-13-0.wav,gun_shot,9
123685-5-0-6.wav,engine_idling,6
7067-6-0-0.wav,gun_shot,9
149193-5-0-5.wav,engine_idling,6
201988-5-0-2.wav,engine_idling,6
105289-8-2-0.wav,siren,12
107357-8-1-10.wav,siren,12
105289-8-2-2.wav,siren,12
107357-8-1-17.wav,siren,12
105289-8-0-3.wav,siren,12
107357-8-0-1.wav,siren,12
135527-6-14-4.wav,gun_shot,9
105289-8-2-3.wav,siren,12
209992-5-3-6.wav,engine_idling,6
57323-8-0-3.wav,siren,12
168846-5-1-0.wav,engine_idling,6
105289-8-1-3.wav,siren,12
39857-5-4-0.wav,engine_idling,6
57323-8-2-0.wav,siren,12
149193-5-0-3.wav,engine_idling,6
148827-6-2-0.wav,gun_shot,9
135527-6-14-0.wav,gun_shot,9
159705-6-0-0.wav,gun_shot,9
123685-5-0-0.wav,engine_idling,6
174284-6-2-0.wav,gun_shot,9
57323-8-0-2.wav,siren,12
201988-5-0-7.wav,engine_idling,6
57323-8-0-11.wav,siren,12
44737-5-0-0.wav,engine_idling,6
168846-5-0-2.wav,engine_idling,6
57323-8-0-4.wav,siren,12
135527-6-11-0.wav,gun_shot,9
147317-6-0-0.wav,gun_shot,9
57323-8-0-0.wav,siren,12
62878-8-0-0.wav,siren,12
186936-5-0-1.wav,engine_idling,6
107357-8-1-2.wav,siren,12
107357-8-1-8.wav,siren,12
168846-5-0-0.wav,engine_idling,6
209992-5-2-114.wav,engine_idling,6
159708-6-3-0.wav,gun_shot,9
168846-5-1-11.wav,engine_idling,6
174284-6-1-0.wav,gun_shot,9
209992-5-2-81.wav,engine_idling,6
186936-5-0-0.wav,engine_idling,6
201988-5-0-17.wav,engine_idling,6
209992-5-1-4.wav,engine_idling,6
201988-5-0-6.wav,engine_idling,6
102853-8-1-0.wav,siren,12
209992-5-4-1.wav,engine_idling,6
105289-8-1-0.wav,siren,12
107357-8-0-4.wav,siren,12
168846-5-1-3.wav,engine_idling,6
209992-5-2-82.wav,engine_idling,6
174284-6-0-0.wav,gun_shot,9
43805-8-1-0.wav,siren,12
107357-8-1-6.wav,siren,12
168846-5-0-1.wav,engine_idling,6
57323-8-0-9.wav,siren,12
201988-5-0-21.wav,engine_idling,6
209992-5-2-100.wav,engine_idling,6
105289-8-1-1.wav,siren,12
135527-6-14-7.wav,gun_shot,9
107357-8-0-0.wav,siren,12
39857-5-5-1.wav,engine_idling,6
135527-6-4-0.wav,gun_shot,9
201988-5-0-20.wav,engine_idling,6
168846-5-1-10.wav,engine_idling,6
159708-6-4-0.wav,gun_shot,9
123685-5-0-8.wav,engine_idling,6
135527-6-14-3.wav,gun_shot,9
209992-5-2-26.wav,engine_idling,6
159708-6-5-0.wav,gun_shot,9
148827-6-1-0.wav,gun_shot,9
201988-5-0-11.wav,engine_idling,6
168846-5-1-4.wav,engine_idling,6
168846-5-1-7.wav,engine_idling,6
194962-5-0-2.wav,engine_idling,6
24631-6-0-0.wav,gun_shot,9
209992-5-4-15.wav,engine_idling,6
39857-5-1-0.wav,engine_idling,6
149193-5-0-1.wav,engine_idling,6
107357-8-1-3.wav,siren,12
135527-6-10-0.wav,gun_shot,9
201988-5-0-14.wav,engine_idling,6
107357-8-1-5.wav,siren,12
209992-5-2-8.wav,engine_idling,6
135527-6-5-0.wav,gun_shot,9
135527-6-3-0.wav,gun_shot,9
105289-8-2-1.wav,siren,12
102853-8-0-6.wav,siren,12
158978-6-0-0.wav,gun_shot,9
43805-8-3-0.wav,siren,12
44737-5-0-1.wav,engine_idling,6
168846-5-1-1.wav,engine_idling,6
107357-8-0-5.wav,siren,12
168846-5-1-12.wav,engine_idling,6
135527-6-14-5.wav,gun_shot,9
201988-5-0-0.wav,engine_idling,6
105289-8-2-5.wav,siren,12
209992-5-2-131.wav,engine_idling,6
107357-8-1-18.wav,siren,12
201988-5-0-16.wav,engine_idling,6
201988-5-0-3.wav,engine_idling,6
39857-5-1-1.wav,engine_idling,6
201988-5-1-0.wav,engine_idling,6
50454-5-0-0.wav,engine_idling,6
39857-5-2-0.wav,engine_idling,6
209992-5-2-137.wav,engine_idling,6
151065-6-0-0.wav,gun_shot,9
107357-8-1-16.wav,siren,12
57323-8-0-10.wav,siren,12
209992-5-2-87.wav,engine_idling,6
148827-6-4-0.wav,gun_shot,9
135527-6-7-0.wav,gun_shot,9
118558-5-1-2.wav,engine_idling,6
93567-8-0-18.wav,siren,12
39847-5-1-0.wav,engine_idling,6
103438-5-0-0.wav,engine_idling,6
157207-6-3-0.wav,gun_shot,9
159742-8-0-8.wav,siren,12
102857-5-0-1.wav,engine_idling,6
74364-8-1-24.wav,siren,12
15544-5-0-0.wav,engine_idling,6
200460-6-5-0.wav,gun_shot,9
157207-6-8-0.wav,gun_shot,9
93567-8-0-3.wav,siren,12
159742-8-0-13.wav,siren,12
74364-8-1-20.wav,siren,12
103438-5-0-1.wav,engine_idling,6
102857-5-0-3.wav,engine_idling,6
39847-5-0-6.wav,engine_idling,6
39847-5-0-8.wav,engine_idling,6
93567-8-0-1.wav,siren,12
106014-5-0-1.wav,engine_idling,6
102857-5-0-6.wav,engine_idling,6
159742-8-0-3.wav,siren,12
93567-8-0-8.wav,siren,12
159742-8-0-2.wav,siren,12
102857-5-0-8.wav,engine_idling,6
159742-8-0-11.wav,siren,12
93567-8-0-10.wav,siren,12
74364-8-1-13.wav,siren,12
102857-5-0-23.wav,engine_idling,6
93567-8-0-5.wav,siren,12
15544-5-0-1.wav,engine_idling,6
15544-5-0-16.wav,engine_idling,6
157207-6-2-0.wav,gun_shot,9
118558-5-2-0.wav,engine_idling,6
141240-5-0-0.wav,engine_idling,6
102857-5-0-25.wav,engine_idling,6
39847-5-0-4.wav,engine_idling,6
88121-8-2-0.wav,siren,12
74364-8-1-26.wav,siren,12
15544-5-0-6.wav,engine_idling,6
157207-6-4-0.wav,gun_shot,9
15544-5-0-10.wav,engine_idling,6
88121-8-0-0.wav,siren,12
15544-5-0-17.wav,engine_idling,6
15544-5-0-8.wav,engine_idling,6
25037-6-1-0.wav,gun_shot,9
88121-8-1-0.wav,siren,12
157800-6-0-0.wav,gun_shot,9
102857-5-0-9.wav,engine_idling,6
159742-8-0-5.wav,siren,12
159742-8-0-14.wav,siren,12
102857-5-0-29.wav,engine_idling,6
200786-5-1-3.wav,engine_idling,6
74364-8-1-0.wav,siren,12
74364-8-1-6.wav,siren,12
102857-5-0-11.wav,engine_idling,6
15544-5-0-9.wav,engine_idling,6
174292-6-2-0.wav,gun_shot,9
118558-5-0-1.wav,engine_idling,6
200786-5-1-0.wav,engine_idling,6
74364-8-1-9.wav,siren,12
39847-5-0-3.wav,engine_idling,6
39847-5-0-12.wav,engine_idling,6
102857-5-0-7.wav,engine_idling,6
74364-8-1-12.wav,siren,12
165166-8-0-5.wav,siren,12
15544-5-0-14.wav,engine_idling,6
159742-8-0-7.wav,siren,12
15544-5-0-18.wav,engine_idling,6
15544-5-0-12.wav,engine_idling,6
93567-8-0-9.wav,siren,12
157207-6-5-0.wav,gun_shot,9
102857-5-0-10.wav,engine_idling,6
74364-8-1-14.wav,siren,12
200786-5-1-5.wav,engine_idling,6
102857-5-0-2.wav,engine_idling,6
200460-6-3-0.wav,gun_shot,9
93567-8-0-11.wav,siren,12
102857-5-0-24.wav,engine_idling,6
93567-8-0-17.wav,siren,12
93567-8-0-16.wav,siren,12
93567-8-0-19.wav,siren,12
102857-5-0-4.wav,engine_idling,6
88121-8-0-3.wav,siren,12
157207-6-6-0.wav,gun_shot,9
208652-8-4-0.wav,siren,12
74364-8-1-8.wav,siren,12
74364-8-1-25.wav,siren,12
205013-6-0-0.wav,gun_shot,9
93567-8-0-13.wav,siren,12
118558-5-2-2.wav,engine_idling,6
106014-5-0-3.wav,engine_idling,6
165166-8-0-0.wav,siren,12
102857-5-0-18.wav,engine_idling,6
15544-5-0-4.wav,engine_idling,6
208652-8-0-0.wav,siren,12
174292-6-0-0.wav,gun_shot,9
39847-5-0-5.wav,engine_idling,6
200460-6-4-0.wav,gun_shot,9
200786-5-1-2.wav,engine_idling,6
88121-8-0-2.wav,siren,12
15544-5-0-13.wav,engine_idling,6
159742-8-0-1.wav,siren,12
157207-6-1-0.wav,gun_shot,9
39847-5-0-9.wav,engine_idling,6
26173-8-0-0.wav,siren,12
102857-5-0-17.wav,engine_idling,6
118558-5-2-1.wav,engine_idling,6
102857-5-0-27.wav,engine_idling,6
102857-5-0-30.wav,engine_idling,6
118558-5-0-2.wav,engine_idling,6
15544-5-0-11.wav,engine_idling,6
159742-8-0-12.wav,siren,12
174289-6-0-0.wav,gun_shot,9
39847-5-0-11.wav,engine_idling,6
165166-8-0-6.wav,siren,12
174289-6-1-0.wav,gun_shot,9
93567-8-0-7.wav,siren,12
15544-5-0-19.wav,engine_idling,6
102857-5-0-0.wav,engine_idling,6
159742-8-0-0.wav,siren,12
102857-5-0-21.wav,engine_idling,6
165166-8-0-7.wav,siren,12
93567-8-0-4.wav,siren,12
157207-6-9-0.wav,gun_shot,9
102857-5-0-15.wav,engine_idling,6
118558-5-0-0.wav,engine_idling,6
15544-5-0-15.wav,engine_idling,6
74364-8-1-23.wav,siren,12
102857-5-0-19.wav,engine_idling,6
39847-5-0-10.wav,engine_idling,6
74364-8-1-15.wav,siren,12
118558-5-1-0.wav,engine_idling,6
93567-8-0-6.wav,siren,12
200786-5-0-0.wav,engine_idling,6
200460-6-0-0.wav,gun_shot,9
157207-6-0-0.wav,gun_shot,9
74364-8-1-22.wav,siren,12
102857-5-0-14.wav,engine_idling,6
118558-5-1-1.wav,engine_idling,6
39847-5-0-2.wav,engine_idling,6
159742-8-0-6.wav,siren,12
200786-5-1-1.wav,engine_idling,6
88121-8-0-1.wav,siren,12
25037-6-0-0.wav,gun_shot,9
208652-8-6-0.wav,siren,12
102857-5-0-26.wav,engine_idling,6
165166-8-0-8.wav,siren,12
74364-8-1-2.wav,siren,12
157207-6-7-0.wav,gun_shot,9
174292-6-1-0.wav,gun_shot,9
103438-5-0-2.wav,engine_idling,6
141240-5-1-0.wav,engine_idling,6
106014-5-0-2.wav,engine_idling,6
15544-5-0-7.wav,engine_idling,6
39847-5-0-7.wav,engine_idling,6
200786-5-1-4.wav,engine_idling,6
165166-8-0-3.wav,siren,12
74364-8-1-16.wav,siren,12
15544-5-0-2.wav,engine_idling,6
174289-6-3-0.wav,gun_shot,9
165166-8-0-4.wav,siren,12
39847-5-0-1.wav,engine_idling,6
157207-6-10-0.wav,gun_shot,9
159742-8-0-10.wav,siren,12
200460-6-2-0.wav,gun_shot,9
74364-8-1-10.wav,siren,12
74364-8-1-18.wav,siren,12
102857-5-0-16.wav,engine_idling,6
102857-5-0-22.wav,engine_idling,6
93567-8-0-12.wav,siren,12
93567-8-0-15.wav,siren,12
106014-5-0-0.wav,engine_idling,6
159709-6-0-0.wav,gun_shot,9
118558-5-2-3.wav,engine_idling,6
74364-8-1-17.wav,siren,12
106014-5-0-4.wav,engine_idling,6
102857-5-0-28.wav,engine_idling,6
102857-5-0-20.wav,engine_idling,6
159742-8-0-9.wav,siren,12
93567-8-0-2.wav,siren,12
165166-8-0-1.wav,siren,12
7062-6-0-0.wav,gun_shot,9
74364-8-1-3.wav,siren,12
74364-8-1-1.wav,siren,12
39847-5-0-0.wav,engine_idling,6
74364-8-1-21.wav,siren,12
164646-6-0-0.wav,gun_shot,9
102857-5-0-13.wav,engine_idling,6
169261-6-0-0.wav,gun_shot,9
74364-8-1-11.wav,siren,12
74364-8-1-19.wav,siren,12
93567-8-0-14.wav,siren,12
74364-8-1-27.wav,siren,12
23218-5-0-0.wav,engine_idling,6
15544-5-0-5.wav,engine_idling,6
102857-5-0-5.wav,engine_idling,6
174289-6-2-0.wav,gun_shot,9
74364-8-1-4.wav,siren,12
74364-8-1-7.wav,siren,12
200460-6-1-0.wav,gun_shot,9
102857-5-0-12.wav,engine_idling,6
93567-8-0-0.wav,siren,12
165166-8-0-2.wav,siren,12
15544-5-0-3.wav,engine_idling,6
74364-8-1-5.wav,siren,12
159742-8-0-4.wav,siren,12
208652-8-2-0.wav,siren,12
144068-5-4-6.wav,engine_idling,6
17853-5-0-5.wav,engine_idling,6
166101-5-2-1.wav,engine_idling,6
144068-5-0-13.wav,engine_idling,6
94636-8-0-10.wav,siren,12
94636-8-0-21.wav,siren,12
107228-5-0-0.wav,engine_idling,6
144068-5-4-8.wav,engine_idling,6
135526-6-9-0.wav,gun_shot,9
94636-8-0-3.wav,siren,12
42117-8-0-10.wav,siren,12
54898-8-0-5.wav,siren,12
195451-5-0-4.wav,engine_idling,6
184623-8-1-0.wav,siren,12
94636-8-0-4.wav,siren,12
17853-5-0-11.wav,engine_idling,6
144068-5-0-6.wav,engine_idling,6
22601-8-0-41.wav,siren,12
22601-8-0-24.wav,siren,12
195451-5-0-3.wav,engine_idling,6
22601-8-0-28.wav,siren,12
94636-8-0-13.wav,siren,12
22601-8-0-8.wav,siren,12
195451-5-0-10.wav,engine_idling,6
22601-8-0-48.wav,siren,12
195451-5-0-6.wav,engine_idling,6
90014-8-0-5.wav,siren,12
195451-5-0-20.wav,engine_idling,6
195451-5-0-14.wav,engine_idling,6
94636-8-0-9.wav,siren,12
94636-8-0-12.wav,siren,12
94636-8-0-2.wav,siren,12
54898-8-0-2.wav,siren,12
22601-8-0-43.wav,siren,12
22601-8-0-6.wav,siren,12
22601-8-0-47.wav,siren,12
144068-5-4-2.wav,engine_idling,6
144068-5-0-15.wav,engine_idling,6
135526-6-3-0.wav,gun_shot,9
144068-5-0-11.wav,engine_idling,6
144068-5-5-1.wav,engine_idling,6
135526-6-11-0.wav,gun_shot,9
42117-8-0-4.wav,siren,12
54898-8-0-3.wav,siren,12
22601-8-0-53.wav,siren,12
22601-8-0-20.wav,siren,12
22601-8-0-31.wav,siren,12
135526-6-7-0.wav,gun_shot,9
22601-8-0-51.wav,siren,12
19338-5-1-0.wav,engine_idling,6
17853-5-0-12.wav,engine_idling,6
144068-5-0-10.wav,engine_idling,6
135526-6-1-0.wav,gun_shot,9
90014-8-0-6.wav,siren,12
17853-5-0-0.wav,engine_idling,6
42117-8-0-14.wav,siren,12
144068-5-3-0.wav,engine_idling,6
22601-8-0-36.wav,siren,12
166101-5-3-0.wav,engine_idling,6
22601-8-0-32.wav,siren,12
148838-6-0-0.wav,gun_shot,9
22601-8-0-30.wav,siren,12
94636-8-0-5.wav,siren,12
144068-5-5-2.wav,engine_idling,6
135526-6-6-0.wav,gun_shot,9
76094-6-0-0.wav,gun_shot,9
22601-8-0-42.wav,siren,12
148838-6-2-0.wav,gun_shot,9
22601-8-0-21.wav,siren,12
22601-8-0-40.wav,siren,12
6988-5-0-1.wav,engine_idling,6
17853-5-0-1.wav,engine_idling,6
195451-5-0-17.wav,engine_idling,6
195451-5-0-13.wav,engine_idling,6
135526-6-13-0.wav,gun_shot,9
94636-8-0-19.wav,siren,12
94636-8-0-17.wav,siren,12
144068-5-4-4.wav,engine_idling,6
144068-5-0-3.wav,engine_idling,6
195451-5-0-19.wav,engine_idling,6
42117-8-0-0.wav,siren,12
148838-6-1-0.wav,gun_shot,9
144068-5-1-0.wav,engine_idling,6
94636-8-0-16.wav,siren,12
144068-5-4-7.wav,engine_idling,6
22601-8-0-49.wav,siren,12
17853-5-0-8.wav,engine_idling,6
144068-5-0-1.wav,engine_idling,6
195451-5-0-18.wav,engine_idling,6
17853-5-0-7.wav,engine_idling,6
22601-8-0-35.wav,siren,12
144068-5-5-0.wav,engine_idling,6
22601-8-0-25.wav,siren,12
195451-5-0-8.wav,engine_idling,6
22601-8-0-14.wav,siren,12
22601-8-0-9.wav,siren,12
42117-8-0-3.wav,siren,12
17853-5-0-15.wav,engine_idling,6
22601-8-0-11.wav,siren,12
49769-5-0-0.wav,engine_idling,6
166101-5-0-1.wav,engine_idling,6
42117-8-0-1.wav,siren,12
54898-8-0-7.wav,siren,12
54898-8-0-6.wav,siren,12
22601-8-0-23.wav,siren,12
42117-8-0-11.wav,siren,12
162436-6-0-0.wav,gun_shot,9
42117-8-0-2.wav,siren,12
107228-5-0-3.wav,engine_idling,6
161195-6-0-0.wav,gun_shot,9
22601-8-0-10.wav,siren,12
107228-5-0-2.wav,engine_idling,6
17853-5-0-14.wav,engine_idling,6
107228-5-0-5.wav,engine_idling,6
166101-5-0-0.wav,engine_idling,6
184623-8-0-1.wav,siren,12
42117-8-0-5.wav,siren,12
94636-8-0-18.wav,siren,12
144068-5-0-5.wav,engine_idling,6
22601-8-0-29.wav,siren,12
17853-5-0-10.wav,engine_idling,6
90014-8-0-1.wav,siren,12
162431-6-1-0.wav,gun_shot,9
94636-8-0-11.wav,siren,12
90014-8-0-4.wav,siren,12
17853-5-0-6.wav,engine_idling,6
144068-5-0-0.wav,engine_idling,6
22601-8-0-16.wav,siren,12
135526-6-12-0.wav,gun_shot,9
135526-6-5-0.wav,gun_shot,9
195451-5-0-11.wav,engine_idling,6
22601-8-0-5.wav,siren,12
95077-5-0-0.wav,engine_idling,6
17853-5-0-2.wav,engine_idling,6
22601-8-0-18.wav,siren,12
22601-8-0-54.wav,siren,12
94636-8-0-14.wav,siren,12
112075-5-0-2.wav,engine_idling,6
162431-6-0-0.wav,gun_shot,9
42117-8-0-7.wav,siren,12
22601-8-0-34.wav,siren,12
22601-8-0-0.wav,siren,12
195451-5-0-5.wav,engine_idling,6
22601-8-0-46.wav,siren,12
94636-8-0-1.wav,siren,12
34708-6-0-0.wav,gun_shot,9
90014-8-0-2.wav,siren,12
166101-5-0-3.wav,engine_idling,6
110622-6-0-0.wav,gun_shot,9
19338-5-3-0.wav,engine_idling,6
22601-8-0-3.wav,siren,12
112075-5-0-0.wav,engine_idling,6
54898-8-0-10.wav,siren,12
195451-5-0-12.wav,engine_idling,6
22601-8-0-17.wav,siren,12
22601-8-0-37.wav,siren,12
135526-6-2-0.wav,gun_shot,9
17853-5-0-3.wav,engine_idling,6
34708-6-4-0.wav,gun_shot,9
54898-8-0-4.wav,siren,12
90014-8-0-0.wav,siren,12
6988-5-0-4.wav,engine_idling,6
94636-8-0-15.wav,siren,12
121528-8-1-0.wav,siren,12
22601-8-0-4.wav,siren,12
135526-6-0-0.wav,gun_shot,9
22601-8-0-39.wav,siren,12
144068-5-0-17.wav,engine_idling,6
180960-6-0-0.wav,gun_shot,9
195451-5-0-0.wav,engine_idling,6
22601-8-0-1.wav,siren,12
184623-8-0-2.wav,siren,12
94636-8-0-7.wav,siren,12
49769-5-1-0.wav,engine_idling,6
22601-8-0-12.wav,siren,12
144068-5-0-2.wav,engine_idling,6
184623-8-0-0.wav,siren,12
144068-5-4-1.wav,engine_idling,6
78776-6-0-0.wav,gun_shot,9
42117-8-0-9.wav,siren,12
94636-8-0-0.wav,siren,12
22601-8-0-2.wav,siren,12
166101-5-2-4.wav,engine_idling,6
22601-8-0-26.wav,siren,12
144068-5-0-14.wav,engine_idling,6
144068-5-4-3.wav,engine_idling,6
144068-5-0-8.wav,engine_idling,6
162431-6-2-0.wav,gun_shot,9
6988-5-0-2.wav,engine_idling,6
94636-8-0-20.wav,siren,12
17853-5-0-13.wav,engine_idling,6
151071-6-0-0.wav,gun_shot,9
42117-8-0-6.wav,siren,12
166101-5-2-2.wav,engine_idling,6
107228-5-0-6.wav,engine_idling,6
6988-5-0-5.wav,engine_idling,6
76094-6-1-0.wav,gun_shot,9
162431-6-3-0.wav,gun_shot,9
195451-5-0-1.wav,engine_idling,6
22601-8-0-7.wav,siren,12
34708-6-2-0.wav,gun_shot,9
144068-5-0-16.wav,engine_idling,6
107228-5-0-7.wav,engine_idling,6
22601-8-0-13.wav,siren,12
22601-8-0-15.wav,siren,12
112075-5-0-1.wav,engine_idling,6
94636-8-0-6.wav,siren,12
195451-5-0-7.wav,engine_idling,6
107228-5-0-4.wav,engine_idling,6
121528-8-1-1.wav,siren,12
22601-8-0-50.wav,siren,12
22601-8-0-52.wav,siren,12
42117-8-1-0.wav,siren,12
54898-8-0-9.wav,siren,12
54898-8-0-0.wav,siren,12
184623-8-0-3.wav,siren,12
6988-5-0-3.wav,engine_idling,6
195451-5-0-9.wav,engine_idling,6
195451-5-0-16.wav,engine_idling,6
22601-8-0-38.wav,siren,12
22601-8-0-19.wav,siren,12
42117-8-0-13.wav,siren,12
34708-6-1-0.wav,gun_shot,9
6988-5-0-0.wav,engine_idling,6
90846-8-0-0.wav,siren,12
144068-5-0-18.wav,engine_idling,6
42117-8-0-12.wav,siren,12
54898-8-0-1.wav,siren,12
22601-8-0-45.wav,siren,12
17853-5-0-9.wav,engine_idling,6
144068-5-0-12.wav,engine_idling,6
135526-6-4-0.wav,gun_shot,9
144068-5-4-5.wav,engine_idling,6
34708-6-5-0.wav,gun_shot,9
34708-6-3-0.wav,gun_shot,9
42117-8-0-8.wav,siren,12
166101-5-1-0.wav,engine_idling,6
166101-5-0-2.wav,engine_idling,6
144068-5-0-4.wav,engine_idling,6
166101-5-2-3.wav,engine_idling,6
94636-8-0-8.wav,siren,12
19338-5-2-0.wav,engine_idling,6
22601-8-0-22.wav,siren,12
135526-6-10-0.wav,gun_shot,9
195451-5-0-2.wav,engine_idling,6
19338-5-0-0.wav,engine_idling,6
52357-6-0-0.wav,gun_shot,9
135526-6-8-0.wav,gun_shot,9
166101-5-2-0.wav,engine_idling,6
90014-8-0-3.wav,siren,12
144068-5-2-0.wav,engine_idling,6
22601-8-0-44.wav,siren,12
144068-5-0-7.wav,engine_idling,6
22601-8-0-33.wav,siren,12
195451-5-0-15.wav,engine_idling,6
17853-5-0-4.wav,engine_idling,6
144068-5-4-0.wav,engine_idling,6
144068-5-0-9.wav,engine_idling,6
107228-5-0-1.wav,engine_idling,6
54898-8-0-8.wav,siren,12
195451-5-0-21.wav,engine_idling,6
22601-8-0-27.wav,siren,12
5-240671-A-44.wav,engine,5
5-215179-A-13.wav,crickets,3
4-111671-B-42.wav,siren,12
5-160614-B-48.wav,fireworks,7
1-100032-A-0.wav,dog,4
3-193767-A-47.wav,airplane,0
2-101676-A-10.wav,rain,11
5-197121-B-45.wav,train,13
1-110389-A-0.wav,dog,4
1-160563-B-48.wav,fireworks,7
4-186940-A-44.wav,engine,5
5-188655-A-10.wav,rain,11
2-209478-A-25.wav,footsteps,8
3-104761-B-7.wav,insects,10
1-56311-A-10.wav,rain,11
5-208030-A-0.wav,dog,4
4-255371-A-47.wav,airplane,0
5-212454-A-0.wav,dog,4
4-119648-A-48.wav,fireworks,7
1-9841-A-13.wav,crickets,3
5-160551-A-42.wav,siren,12
2-54086-A-43.wav,car_horn,2
1-18527-A-44.wav,engine,5
3-163607-B-13.wav,crickets,3
2-83270-A-13.wav,crickets,3
2-125520-A-43.wav,car_horn,2
1-115545-A-48.wav,fireworks,7
4-210000-B-23.wav,breathing,1
2-85139-A-13.wav,crickets,3
2-54962-A-23.wav,breathing,1
1-80841-A-13.wav,crickets,3
2-73260-A-10.wav,rain,11
5-215172-A-13.wav,crickets,3
2-122067-A-45.wav,train,13
1-50060-A-10.wav,rain,11
5-195710-A-10.wav,rain,11
5-203128-A-0.wav,dog,4
3-140774-A-10.wav,rain,11
3-251617-A-48.wav,fireworks,7
4-163697-A-13.wav,crickets,3
4-119647-A-48.wav,fireworks,7
4-178402-A-43.wav,car_horn,2
3-51731-B-42.wav,siren,12
1-76831-A-42.wav,siren,12
2-117615-E-48.wav,fireworks,7
3-62878-A-42.wav,siren,12
3-146033-A-13.wav,crickets,3
3-103598-A-25.wav,footsteps,8
2-82367-A-10.wav,rain,11
2-70052-A-42.wav,siren,12
1-31482-B-42.wav,siren,12
1-76831-B-42.wav,siren,12
3-112557-A-23.wav,breathing,1
1-54065-A-45.wav,train,13
2-84965-A-23.wav,breathing,1
5-179860-A-43.wav,car_horn,2
1-155858-A-25.wav,footsteps,8
1-115545-C-48.wav,fireworks,7
1-254507-A-43.wav,car_horn,2
5-243025-A-25.wav,footsteps,8
5-244310-A-25.wav,footsteps,8
3-94344-A-25.wav,footsteps,8
5-235507-A-44.wav,engine,5
3-141240-B-44.wav,engine,5
3-249913-A-25.wav,footsteps,8
5-180156-C-43.wav,car_horn,2
4-192236-A-0.wav,dog,4
2-106015-A-44.wav,engine,5
2-78781-A-47.wav,airplane,0
1-73585-A-7.wav,insects,10
3-163607-A-13.wav,crickets,3
1-76831-D-42.wav,siren,12
5-234335-A-23.wav,breathing,1
4-198962-B-25.wav,footsteps,8
5-188945-A-45.wav,train,13
2-117617-A-48.wav,fireworks,7
4-195805-A-13.wav,crickets,3
3-243726-A-43.wav,car_horn,2
1-76831-C-42.wav,siren,12
4-178881-A-45.wav,train,13
2-54961-A-23.wav,breathing,1
3-119455-A-44.wav,engine,5
1-24074-A-43.wav,car_horn,2
5-213855-A-0.wav,dog,4
4-207124-A-0.wav,dog,4
1-36929-A-47.wav,airplane,0
5-232816-A-23.wav,breathing,1
1-119125-A-45.wav,train,13
3-110913-D-7.wav,insects,10
5-234855-A-25.wav,footsteps,8
5-213293-A-23.wav,breathing,1
4-172143-A-13.wav,crickets,3
3-151206-A-23.wav,breathing,1
1-28808-A-43.wav,car_horn,2
4-218304-A-25.wav,footsteps,8
4-161103-A-47.wav,airplane,0
4-119648-C-48.wav,fireworks,7
3-143560-A-47.wav,airplane,0
5-198278-B-7.wav,insects,10
1-36400-A-23.wav,breathing,1
3-58772-A-42.wav,siren,12
4-165845-A-45.wav,train,13
2-70938-A-42.wav,siren,12
5-216213-A-13.wav,crickets,3
2-107228-A-44.wav,engine,5
3-62878-B-42.wav,siren,12
2-106019-A-13.wav,crickets,3
1-43807-C-47.wav,airplane,0
1-11687-A-47.wav,airplane,0
1-51147-A-25.wav,footsteps,8
1-7456-A-13.wav,crickets,3
2-81970-B-7.wav,insects,10
5-194932-A-7.wav,insects,10
1-62509-A-45.wav,train,13
3-103599-B-25.wav,footsteps,8
5-160614-A-48.wav,fireworks,7
1-57318-A-13.wav,crickets,3
3-105235-A-7.wav,insects,10
4-90014-A-42.wav,siren,12
4-191246-B-7.wav,insects,10
2-72688-A-42.wav,siren,12
3-142006-A-10.wav,rain,11
1-18527-B-44.wav,engine,5
3-159445-B-45.wav,train,13
2-122067-B-45.wav,train,13
3-142005-A-10.wav,rain,11
2-160128-A-7.wav,insects,10
2-165801-A-48.wav,fireworks,7
5-251962-A-47.wav,airplane,0
2-114587-A-0.wav,dog,4
3-103599-A-25.wav,footsteps,8
5-198278-C-7.wav,insects,10
5-51149-A-25.wav,footsteps,8
4-205526-A-23.wav,breathing,1
4-182314-B-7.wav,insects,10
5-210540-A-13.wav,crickets,3
5-133989-A-42.wav,siren,12
1-24796-A-47.wav,airplane,0
4-198962-A-25.wav,footsteps,8
1-155858-F-25.wav,footsteps,8
4-119647-D-48.wav,fireworks,7
3-136451-A-45.wav,train,13
3-115382-A-44.wav,engine,5
1-17367-A-10.wav,rain,11
3-166125-B-23.wav,breathing,1
4-160999-A-10.wav,rain,11
3-159445-A-45.wav,train,13
5-215447-A-47.wav,airplane,0
1-80785-A-7.wav,insects,10
5-251957-A-47.wav,airplane,0
1-31482-A-42.wav,siren,12
4-143118-B-7.wav,insects,10
4-177250-A-10.wav,rain,11
1-36393-A-23.wav,breathing,1
3-146697-A-43.wav,car_horn,2
5-215445-A-47.wav,airplane,0
4-194979-A-25.wav,footsteps,8
3-110913-C-7.wav,insects,10
1-88409-A-45.wav,train,13
2-117615-B-48.wav,fireworks,7
3-172881-A-48.wav,fireworks,7
4-218304-B-25.wav,footsteps,8
2-87781-A-10.wav,rain,11
3-161010-A-43.wav,car_horn,2
5-234263-A-25.wav,footsteps,8
2-106849-A-47.wav,airplane,0
5-188796-A-45.wav,train,13
5-179863-A-43.wav,car_horn,2
5-209992-B-44.wav,engine,5
1-57316-A-13.wav,crickets,3
5-204352-B-13.wav,crickets,3
3-155130-A-43.wav,car_horn,2
5-181766-A-10.wav,rain,11
3-157149-A-10.wav,rain,11
5-263490-A-25.wav,footsteps,8
2-106487-A-44.wav,engine,5
5-197446-A-7.wav,insects,10
2-99955-A-7.wav,insects,10
3-259622-A-44.wav,engine,5
2-43806-A-42.wav,siren,12
4-143118-A-7.wav,insects,10
3-155312-A-0.wav,dog,4
5-193339-A-10.wav,rain,11
1-25781-A-48.wav,fireworks,7
2-106486-A-44.wav,engine,5
3-157492-A-45.wav,train,13
4-207116-A-23.wav,breathing,1
1-54065-B-45.wav,train,13
2-73027-A-10.wav,rain,11
2-114280-A-0.wav,dog,4
1-46938-B-7.wav,insects,10
1-29561-A-10.wav,rain,11
4-119648-B-48.wav,fireworks,7
4-202749-A-13.wav,crickets,3
3-154758-A-44.wav,engine,5
1-53467-A-47.wav,airplane,0
2-80844-A-13.wav,crickets,3
4-119648-D-48.wav,fireworks,7
1-155858-E-25.wav,footsteps,8
3-51376-A-42.wav,siren,12
3-51731-A-42.wav,siren,12
1-36402-A-23.wav,breathing,1
2-98866-A-47.wav,airplane,0
3-129338-A-13.wav,crickets,3
3-157487-A-10.wav,rain,11
1-18631-A-23.wav,breathing,1
3-94342-A-25.wav,footsteps,8
4-186938-A-44.wav,engine,5
5-251971-A-47.wav,airplane,0
3-119120-E-48.wav,fireworks,7
1-75189-A-7.wav,insects,10
1-50455-A-44.wav,engine,5
4-183992-A-0.wav,dog,4
2-128465-B-43.wav,car_horn,2
1-59513-A-0.wav,dog,4
2-209475-A-25.wav,footsteps,8
4-67358-A-42.wav,siren,12
2-70936-A-42.wav,siren,12
2-117271-A-0.wav,dog,4
1-76831-E-42.wav,siren,12
4-119647-C-48.wav,fireworks,7
2-107228-B-44.wav,engine,5
5-180156-A-43.wav,car_horn,2
5-233260-A-23.wav,breathing,1
5-179868-A-43.wav,car_horn,2
4-176914-A-23.wav,breathing,1
4-176638-A-43.wav,car_horn,2
5-160614-H-48.wav,fireworks,7
2-81970-C-7.wav,insects,10
1-19501-A-7.wav,insects,10
3-51909-B-42.wav,siren,12
2-78651-A-44.wav,engine,5
4-161105-B-47.wav,airplane,0
2-122066-B-45.wav,train,13
4-201988-A-44.wav,engine,5
1-115546-A-48.wav,fireworks,7
4-171823-A-13.wav,crickets,3
5-197121-A-45.wav,train,13
5-9032-A-0.wav,dog,4
5-215449-A-47.wav,airplane,0
5-198321-A-10.wav,rain,11
2-110613-A-13.wav,crickets,3
3-155234-A-43.wav,car_horn,2
4-175846-A-43.wav,car_horn,2
2-122104-A-0.wav,dog,4
5-260164-A-23.wav,breathing,1
3-135650-B-45.wav,train,13
1-26222-A-10.wav,rain,11
2-70939-A-42.wav,siren,12
2-117625-A-10.wav,rain,11
5-197118-A-45.wav,train,13
5-195517-A-7.wav,insects,10
3-144128-B-23.wav,breathing,1
4-176631-A-43.wav,car_horn,2
1-32318-A-0.wav,dog,4
3-108160-A-23.wav,breathing,1
1-7973-A-7.wav,insects,10
3-128512-A-47.wav,airplane,0
4-165791-B-45.wav,train,13
3-146186-A-44.wav,engine,5
1-26177-A-43.wav,car_horn,2
2-82077-A-7.wav,insects,10
5-217158-A-0.wav,dog,4
2-144137-A-43.wav,car_horn,2
4-102871-A-42.wav,siren,12
5-150409-A-42.wav,siren,12
5-243783-A-44.wav,engine,5
2-78799-A-47.wav,airplane,0
3-119120-D-48.wav,fireworks,7
5-179865-A-43.wav,car_horn,2
4-182314-A-7.wav,insects,10
4-119647-B-48.wav,fireworks,7
1-17124-A-43.wav,car_horn,2
5-180156-B-43.wav,car_horn,2
2-81731-A-10.wav,rain,11
4-181286-A-10.wav,rain,11
4-186936-A-44.wav,engine,5
4-205526-B-23.wav,breathing,1
4-163264-A-10.wav,rain,11
5-235956-A-47.wav,airplane,0
1-30709-B-23.wav,breathing,1
2-125821-A-13.wav,crickets,3
5-261464-A-23.wav,breathing,1
2-95567-A-23.wav,breathing,1
3-170015-A-0.wav,dog,4
1-21189-A-10.wav,rain,11
5-263491-A-25.wav,footsteps,8
1-70300-A-45.wav,train,13
1-46938-A-7.wav,insects,10
5-160614-E-48.wav,fireworks,7
3-128512-B-47.wav,airplane,0
4-168446-A-45.wav,train,13
1-88409-B-45.wav,train,13
2-99955-C-7.wav,insects,10
5-195518-A-7.wav,insects,10
5-231762-A-0.wav,dog,4
4-80761-A-42.wav,siren,12
1-30344-A-0.wav,dog,4
4-251959-A-47.wav,airplane,0
4-195707-A-13.wav,crickets,3
5-198278-A-7.wav,insects,10
4-117630-A-25.wav,footsteps,8
3-115387-B-47.wav,airplane,0
3-144128-A-23.wav,breathing,1
2-135649-B-45.wav,train,13
4-161099-B-47.wav,airplane,0
5-198600-A-45.wav,train,13
4-175845-A-43.wav,car_horn,2
4-111671-A-42.wav,siren,12
4-199261-A-0.wav,dog,4
3-132852-A-10.wav,rain,11
2-74361-A-47.wav,airplane,0
2-99955-B-7.wav,insects,10
4-161099-A-47.wav,airplane,0
3-110913-A-7.wav,insects,10
4-180380-A-10.wav,rain,11
2-105270-A-47.wav,airplane,0
2-72970-A-10.wav,rain,11
1-223162-A-25.wav,footsteps,8
4-191246-A-7.wav,insects,10
4-90014-B-42.wav,siren,12
4-164206-A-10.wav,rain,11
1-115545-B-48.wav,fireworks,7
4-194981-A-25.wav,footsteps,8
2-262579-A-45.wav,train,13
2-138465-A-43.wav,car_horn,2
2-209473-A-25.wav,footsteps,8
4-195451-A-44.wav,engine,5
2-100648-A-43.wav,car_horn,2
4-161127-A-10.wav,rain,11
5-203739-A-10.wav,rain,11
2-125875-A-13.wav,crickets,3
5-216216-A-13.wav,crickets,3
2-116400-A-0.wav,dog,4
4-171706-A-23.wav,breathing,1
3-136288-A-0.wav,dog,4
3-141559-A-45.wav,train,13
3-143929-A-10.wav,rain,11
4-117627-A-25.wav,footsteps,8
2-135649-C-45.wav,train,13
5-194892-A-10.wav,rain,11
5-232272-A-44.wav,engine,5
1-43807-B-47.wav,airplane,0
2-82455-A-23.wav,breathing,1
5-251963-A-47.wav,airplane,0
5-202898-A-10.wav,rain,11
3-163459-A-0.wav,dog,4
1-30709-C-23.wav,breathing,1
3-180256-A-0.wav,dog,4
5-199284-A-45.wav,train,13
1-54084-A-42.wav,siren,12
3-105236-A-7.wav,insects,10
5-117118-A-42.wav,siren,12
3-119120-B-48.wav,fireworks,7
3-143562-A-47.wav,airplane,0
4-175856-A-43.wav,car_horn,2
4-191687-A-0.wav,dog,4
1-22882-A-44.wav,engine,5
2-96654-A-47.wav,airplane,0
4-182395-A-0.wav,dog,4
2-122066-A-45.wav,train,13
5-117120-A-42.wav,siren,12
1-36397-A-23.wav,breathing,1
5-160614-F-48.wav,fireworks,7
4-166661-A-10.wav,rain,11
2-81970-A-7.wav,insects,10
4-130891-A-7.wav,insects,10
1-64473-A-45.wav,train,13
5-160614-D-48.wav,fireworks,7
3-145577-A-43.wav,car_horn,2
3-119120-A-48.wav,fireworks,7
3-115387-C-47.wav,airplane,0
1-19026-A-43.wav,car_horn,2
4-165606-A-45.wav,train,13
3-174840-A-43.wav,car_horn,2
5-199284-B-45.wav,train,13
5-160614-C-48.wav,fireworks,7
2-106014-A-44.wav,engine,5
1-97392-A-0.wav,dog,4
1-50454-A-44.wav,engine,5
1-25777-A-48.wav,fireworks,7
1-59102-A-13.wav,crickets,3
5-263501-A-25.wav,footsteps,8
1-54958-A-10.wav,rain,11
2-209471-A-25.wav,footsteps,8
1-24076-A-43.wav,car_horn,2
3-103597-A-25.wav,footsteps,8
4-191015-A-43.wav,car_horn,2
3-141240-A-44.wav,engine,5
4-161100-A-47.wav,airplane,0
5-209992-A-44.wav,engine,5
3-138212-A-45.wav,train,13
4-165791-A-45.wav,train,13
2-209476-A-25.wav,footsteps,8
5-160614-G-48.wav,fireworks,7
2-117615-A-48.wav,fireworks,7
2-43802-A-42.wav,siren,12
5-203128-B-0.wav,dog,4
2-135649-A-45.wav,train,13
1-17585-A-7.wav,insects,10
1-155858-D-25.wav,footsteps,8
3-153057-A-43.wav,car_horn,2
1-50661-A-44.wav,engine,5
2-50774-A-23.wav,breathing,1
5-243773-A-44.wav,engine,5
2-160888-A-47.wav,airplane,0
5-233787-A-7.wav,insects,10
4-186935-A-44.wav,engine,5
4-171652-A-44.wav,engine,5
1-30709-A-23.wav,breathing,1
1-65483-A-13.wav,crickets,3
3-166125-A-23.wav,breathing,1
2-118964-A-0.wav,dog,4
2-128465-A-43.wav,car_horn,2
5-238492-A-23.wav,breathing,1
3-112557-B-23.wav,breathing,1
2-209474-A-25.wav,footsteps,8
1-155858-C-25.wav,footsteps,8
2-117615-C-48.wav,fireworks,7
2-98392-A-23.wav,breathing,1
4-186962-A-44.wav,engine,5
2-117615-D-48.wav,fireworks,7
4-175855-A-43.wav,car_horn,2
2-66205-A-23.wav,breathing,1
5-216214-A-13.wav,crickets,3
3-135650-A-45.wav,train,13
4-165933-A-45.wav,train,13
1-26176-A-43.wav,car_horn,2
5-179866-A-43.wav,car_horn,2
3-157695-A-0.wav,dog,4
2-70052-B-42.wav,siren,12
3-119120-C-48.wav,fireworks,7
4-198025-A-23.wav,breathing,1
3-172922-A-48.wav,fireworks,7
4-194754-A-0.wav,dog,4
5-184323-A-42.wav,siren,12
3-134802-A-13.wav,crickets,3
4-181362-A-13.wav,crickets,3
1-43807-D-47.wav,airplane,0
2-209472-A-25.wav,footsteps,8
2-96033-A-13.wav,crickets,3
3-155766-A-13.wav,crickets,3
5-243773-B-44.wav,engine,5
2-122104-B-0.wav,dog,4
5-117122-A-42.wav,siren,12
3-129678-A-13.wav,crickets,3
3-115387-A-47.wav,airplane,0
3-180977-A-0.wav,dog,4
5-235593-A-23.wav,breathing,1
2-118072-A-0.wav,dog,4
2-209477-A-25.wav,footsteps,8
4-121532-A-42.wav,siren,12
2-117616-A-48.wav,fireworks,7
4-210000-A-23.wav,breathing,1
3-144028-A-0.wav,dog,4
3-104761-A-7.wav,insects,10
4-133895-A-7.wav,insects,10
1-160563-A-48.wav,fireworks,7
1-43807-A-47.wav,airplane,0
3-128160-A-44.wav,engine,5
3-162786-A-13.wav,crickets,3
3-110913-B-7.wav,insects,10
3-157615-A-10.wav,rain,11
1-155858-B-25.wav,footsteps,8
4-161105-A-47.wav,airplane,0
2-106015-B-44.wav,engine,5
1-80840-A-13.wav,crickets,3
1-61261-A-44.wav,engine,5
1-63871-A-10.wav,rain,11
3-94343-A-25.wav,footsteps,8
5-133989-B-42.wav,siren,12
2-42101-A-43.wav,car_horn,2
1-30226-A-0.wav,dog,4
4-165845-B-45.wav,train,13
5-204352-A-13.wav,crickets,3
1-62565-A-44.wav,engine,5
1-85362-A-0.wav,dog,4
4-184575-A-0.wav,dog,4
3-51909-A-42.wav,siren,12
4-194246-A-13.wav,crickets,3
